"enrollment",1,"1D6DC05C9C2F49C793BE82B6CA5D14A9"
"enrollment",2,"49B02D134D6D445DA7B5C76160BF3902"
"enrollment",3,"0183098E4F9849B2B274948620FE51BE"
"enrollment",4,"6F4BBAE37ADF4D8A88ED9E200FCF6C46"
"enrollment",5,"E8CBBD05950844E4BBCC7E341012D335"
"enrollment",6,"B14E4F111C3E48328993687AA1279A49"
"enrollment",7,"124D495F2BDB4017B8A69EE8A62BDA4B"
"enrollment",8,"30448794C4B54BD680E557D21DBCA4F8"
"enrollment",9,"2ACF8E22B21D49AEA8F4E74971E5AF53"
"enrollment",10,"03D9230463BC46608177714789CE375E"
"enrollment",11,"C8B2A6849B1D480E9C338DE0B7800CC5"
"enrollment",12,"EEFFC35E64704035BEA45836FC484478"
"enrollment",13,"01850035D2FC48E98DCF286363C878A1"
"enrollment",14,"E4D900424A884A8099F003BFA8441A88"
"enrollment",15,"65445DC5C0D5440AB6EB623D1463620F"
"enrollment",16,"CA6A690DAC094993AA6E9FFA117021CA"
"enrollment",17,"D1FC2658112B43BB813EF3319238EB75"
"enrollment",18,"759F684C47194D2787379BF8FB7CD478"
"enrollment",19,"BE1FFDA66F9B480F9CE537AFB76F0777"
"enrollment",20,"15B0FA86C2174DF68F6438033F4AB665"
"enrollment",21,"BA27E3212577444CB19075B9130FA45E"
"enrollment",22,"ECB3E403478A49BD8B39811191C316D1"
"enrollment",23,"5F39ACEA61814664BB79926B4CC4E05E"
"enrollment",24,"83699FC6DE2249CB98A45C8A9C692BFA"
"enrollment",25,"DF9E75211D7E45E3928E48A7C75BBE4A"
"enrollment",26,"060D733A09CF42EFBAE1958717F297A0"
"enrollment",27,"90B6ADAC97AD4AACBA98BE498BF8C4AD"
"enrollment",28,"E3C756CA640842C4860F47D9C6603470"
"enrollment",29,"65AD622C9A5B413992F2A8F0786C7F38"
"enrollment",30,"2901CC0FCDEE4DFFA4F67DB9E5010DDA"
"enrollment",31,"A1565F6A93454CBCB4B2F7EC3855D7F2"
"enrollment",32,"1B29C11CDD6444A89CA08CDC6B6A5C98"
"enrollment",33,"FE2CDA8BADAF44849410A1DB6BD5F88A"
"enrollment",34,"7DC830A3588E40C4ABA50BF03F28C6C0"
"enrollment",35,"89F299D7AF7C43678FEC59C30660A10C"
"enrollment",36,"1CBB77A130D54DAAB63AB0BC526E5F6D"
"enrollment",37,"DA7ABDF1A9BD4C4197D09CC2B641D4AC"
"enrollment",38,"F2849D8FA9DB4F68A6CA0F684C5A49B0"
"enrollment",39,"937A5108C9044031BB0D0DB83201C134"
"enrollment",40,"3C42295EF2BD4B4490A23AFDD71482A7"
"enrollment",41,"75B317C001DD47DDB479800EAFB474A3"
"enrollment",42,"1CFA68976AD141ADB75DA1D352D8BA52"
"enrollment",43,"43DC599F980847959B0D13F735DBBA43"
"enrollment",44,"499A0312630A4CE88C7FFB9DDEABEDD1"
"enrollment",45,"F094E66114EB449FAC0CC35460C05DAB"
"enrollment",46,"5921681173F243C3A220E08023DA001F"
"enrollment",47,"5D8D20EC906E45C2B69BD72BB79EB089"
"enrollment",48,"A7A496FA99B241C6A1A3779BD397BF9A"
"enrollment",49,"3DF697B7AF9348219DA9F33C41EEB2EF"
"enrollment",50,"F24E296CD4834ED68346C797AEBDA8DA"
"enrollment",51,"3EFFD6FEB0854BC7AD2ABEFD0CE17CE0"
"enrollment",52,"C015891C8DDC4456980023A29D2CCAE6"
"enrollment",53,"C6C854A91A3F4B33BEF8C0F8B098DC35"
"enrollment",54,"3C4B345611244D4E864EB3A508AD2775"
"enrollment",55,"0F433ED1C7514FC48A7C8DD0DE01C6CE"
"enrollment",56,"B953FEA5FF98454D9DB69B328D4E81CA"
"enrollment",57,"71DFAC03AAC143D28A93195A6D08F815"
"enrollment",58,"8C9D52E31EBB4129970A222C5DA2F05E"
"enrollment",59,"D41C5808BA2841FEB69C4A9E7349D3B5"
"enrollment",60,"B8BF42781BA94E7B9243D132442B1F99"
"enrollment",61,"2700076AEE93433093F9453CCA6F918D"
"enrollment",62,"A40CF4DB54BF4AEE97138ACCA3FABB87"
"enrollment",63,"074B77DBD785401D8C25013319AE6441"
"enrollment",64,"8053D247B99B494C94ACA569B9724B31"
"enrollment",65,"C4B53B8163504987A0E8EF709D29049A"
"enrollment",66,"0D73B0F75DF14FA483DC2651A0C21192"
"enrollment",67,"6FC3BCE56C3144BF83A908405A47E91E"
"enrollment",68,"6735EDCED22C40A3BB1B293F81949D77"
"enrollment",69,"74B70C11D25D405C8C7AE18604208D91"
"enrollment",70,"EF471FCE5C824DBEA3E1140D66BC50D8"
"enrollment",71,"40004221F8ED4B41B037325F5A54AE53"
"enrollment",72,"9EF53E480A13475A9DB5C7BB683C6AF7"
"enrollment",73,"C3B051F3203A48B49D38CC90EF4A2093"
"enrollment",74,"34F186ED79944F4FA1B5D792B779F262"
"enrollment",75,"1A160A4641904FCEB34EB96F52A3053A"
"enrollment",76,"F62120DE214543039B8AC41F608EE96E"
"enrollment",77,"AA03BE79B69646359906E790AD13F9E9"
"enrollment",78,"3213001ABE61436D949E0DA8D86D37F1"
"enrollment",79,"3D2D74F229464E7EAE30337A8717A9C2"
"enrollment",80,"D5A9BC2583BC4D1F849ABF8127BFE410"
"enrollment",81,"5A4C0ABB74AF45EDB662954C259E095D"
"enrollment",82,"3F7F3C701F5B41808EC2DDFA2031E6E3"
"enrollment",83,"F744406E207F4FB3BFE479DB1F3F0656"
"enrollment",84,"EC083EE972D64C7C89D5A795D47DAF07"
"enrollment",85,"FC6B3C8B46614596AF03E0F5C121BADD"
"enrollment",86,"314ABFD9017A45F286CC589F936FDA3C"
"enrollment",87,"FD394BEEE91647299868E34DDACFFF54"
"enrollment",88,"C15D0888F21D4003BFBB4666230B602E"
"enrollment",89,"790B9B99C8E442A3826EA9D8440EF6EE"
"enrollment",90,"1E1123D2FD5B488CAEFA160A055A22B3"
"enrollment",91,"C22CA691FE7044A292FEBC02ADCCBE6E"
"enrollment",92,"75D7E6A38CB04F3F9A4929A2BF93F2D3"
"enrollment",93,"E4EE79778E1F4F179BBC994F891A16CE"
"enrollment",94,"7B7DBACF07C342A9B2E61358AFFCF945"
"enrollment",95,"EFAFB372470D45C8952504A43598F32E"
"enrollment",96,"002FB41C035D488E8EFBDC23539E7945"
"enrollment",97,"EF3D484A0A3D4F65BFB6C97B90FEAC45"
"enrollment",98,"419CFC37891F49CBA0068D4B644AAC2E"
"enrollment",99,"FDC5238D1F384B9AAAB93378328A5839"
"enrollment",100,"6081F00EF9504695B98C060D051A12AA"
"enrollment",101,"F47DB66189EB44749F9C49B1B5726B8F"
"enrollment",102,"51BC68E69E374FBCB6889E7A9E3DE98E"
"enrollment",103,"96E01A14A3EF430DAB10B07970450E68"
"enrollment",104,"448343818EC8492EB3F531CD7271A164"
"enrollment",105,"93C5DB75D8474C05A03014CD6D6C4308"
"enrollment",106,"976607EC537A40CBB123CE4418B279B8"
"enrollment",107,"C6DDFA7B6A9B4D748D96ADACAF76788A"
"enrollment",108,"39786B782C04496CB4F4F0172D6D2DCA"
"enrollment",109,"83A7229959B24EBB9D6B4FA22848C26E"
"enrollment",110,"C7B18B60ACCE429D856DA1E96F526B57"
"enrollment",111,"4CC96C1AC9AB41189A1536147812F68C"
"enrollment",112,"D828EECD5A664C1FBEB45083AE2A4DD3"
"enrollment",113,"57E38148C84947DCB6832E908A388CC3"
"enrollment",114,"DB2FC04C416B4C72BF36EC14AEBAB781"
"enrollment",115,"3FE97C4DFB404FE0B69880626422662E"
"enrollment",116,"A995BDA172534A5CBE9755B538C6EB92"
"enrollment",117,"03740B25B35148A3980BFD4A2D3BED6A"
"enrollment",118,"2D65F4260813466795F2189E8F9E4117"
"enrollment",119,"986F12B8F7764D4BBFC59E88C12C7393"
"enrollment",120,"5743C4E67B624E7392C02E215BD4FB3F"
"enrollment",121,"81AA4C21DEB74A81B7753520A7A04093"
"enrollment",122,"DE36F0D9A05941BEB500C437BC0D7499"
"enrollment",123,"454EAE46226E4381AFD0532624F6F8FF"
"enrollment",124,"37405AB27AE94CF28BEAA6B847CBCDDD"
"enrollment",125,"A7FD40CBBB844D04982E5017E6BC5B32"
"enrollment",126,"F9E60F8C68A745C0A914E1CB68780BA1"
"enrollment",127,"CCB1CD27D82B4E5AB8597B20C54E4755"
"enrollment",128,"31559B80A5BA4409A68041221CE258D0"
"enrollment",129,"40038E40EC5C4DB989EF399CD16C6FAA"
"enrollment",130,"862E8929920C4799BF2200F2351AAA4C"
"enrollment",131,"16410CB7A7B94AB09F8067DF31B37A80"
"enrollment",132,"4F84E469657F499C8EB3520CF2A6F012"
"enrollment",133,"828B9371DFD4401E8523761F8046F554"
"enrollment",134,"F73B5DB6D486489BB625FCC32209362C"
"enrollment",135,"73D25CFDFC09419E9DC9945AED79C5D8"
"enrollment",136,"895E9FB44DB543B6B1D345BFCF611225"
"enrollment",137,"CE3A022ACA2A4D7488F534DEA88525C1"
"enrollment",138,"D40322F0D10543AC96051008E09BE2C7"
"enrollment",139,"C4E88710F0884CC9BE120BFEDD3E3A54"
"enrollment",140,"A73CA8B7B6D342EE9834E6BEAD19C482"
"enrollment",141,"89C47992E79143D3AA684036FC0FAB59"
"enrollment",142,"B4E02105C472487C9D156E70E70EA699"
"enrollment",143,"89C05E2EAC634214A79B2A3B69B36C00"
"enrollment",144,"CA476CAD14B4421893540203A71A4C27"
"enrollment",145,"992A817E0685435380B1D497E816698D"
"enrollment",146,"449ED6D8488E4745AA8C5B71C41855B6"
"enrollment",147,"3373566AC3B14B51932E4195C2DE2747"
"enrollment",148,"662D34F361604BBF93F0D08F3E2CD2DE"
"enrollment",149,"A54D1D223C2746D0866EB50AEAE32003"
"enrollment",150,"D7631BF150284781A65F2DA8D7ABB666"
"enrollment",151,"1C3B06DE79834478A5F9D233B0985FDB"
"enrollment",152,"352B6CE6C9EA4E97812AC022EC17CD81"
"enrollment",153,"0A35BAEC9D854CA1945B151B284BBA05"
"enrollment",154,"755A78F2941540429A99494D81E9FD1A"
"enrollment",155,"1FE3AA7E47404BE2A67F35D12856C444"
"enrollment",156,"7DBCA747DE2846FF8C1F3BF353BAD9B0"
"enrollment",157,"7D8624590103482E898E20B1DA814B00"
"enrollment",158,"576A046894784FBEB8F2FCB9B5F4F474"
"enrollment",159,"DBF405F6BDF34A69BE92886457CF7604"
"enrollment",160,"F4E18C66BF954B7F87EC07D82394F561"
"enrollment",161,"70D58C4793FC4FDEBF27A28865E6CB6C"
"enrollment",162,"093AB3A7DAB64997812AC7453C8195A8"
"enrollment",163,"735A5D03B17943F0B08ADDA5C2824457"
"enrollment",164,"245F724BF53C4EA88F439AFF715B1D86"
"enrollment",165,"88CA6613BB814CCA8062A860039B00C5"
"enrollment",166,"87D43B56EDF54946B3901D4F5A7D2022"
"enrollment",167,"65C3B7EAAD8545EF8D3740B2C5699313"
"enrollment",168,"8080441EE6C74CD385528A137DAA0036"
"enrollment",169,"C1A35369E2134208AD56FC5111D99906"
"enrollment",170,"03B87FB5BDF74A708E2B30A91AD61779"
"enrollment",171,"F1591932D4C04894AE4B2D5866835AAD"
"enrollment",172,"DF938B669CF2414EBEE5EE115194B913"
"enrollment",173,"5325AB5AA88C4741A8B1D5F7F00209E3"
"enrollment",174,"4CFF02EEEC3643839C0E1A10317B01E1"
"enrollment",175,"DF4693EDC02B4A0D8799DF052FDAA4F6"
"enrollment",176,"E7A72E2ECFFB40BA8EECE1A3C99A1C27"
"enrollment",177,"81FC2959A8DA4981BE6523A06BCF8397"
"enrollment",178,"F4DFEBA504ED4586BB8C8473D5D9EC2F"
"enrollment",179,"859AFF20DCBD4AAABCB0E8A586EC39C3"
"enrollment",180,"A123F636EDD84F608D0C531363EA78BD"
"enrollment",181,"32E400BBE94C4B40A18AB9FBA881DC99"
"enrollment",182,"E04C3A1954484E63B8E828417064592C"
"enrollment",183,"10D6EB7714E344039E890923D332FB3F"
"enrollment",184,"B2B908A79AD04DDF9AFBDDE60EDAF231"
"enrollment",185,"9F8831A42F77495EB5CE049DA01C12F2"
"enrollment",186,"B11724F33ED14175933FCBC820EC78D3"
"enrollment",187,"B031CBC6664245A4BFD9BF07E52F7B6D"
"enrollment",188,"988BC3B7E1824944BBB581623719AD9C"
"enrollment",189,"D85660B610774929884B045762BA325C"
"enrollment",190,"33FA6FA1C79A43FD9C94FBD9CAAE390D"
"enrollment",191,"9D761C42F7C146F3AA6700601335EE17"
"enrollment",192,"A42331990C164C11AA4D42056FB17261"
"enrollment",193,"D544915C270F4774A47B1F707B442FB7"
"enrollment",194,"DE2067F564034BC59D1F0DA28CBBD651"
"enrollment",195,"4B50E50B01D8489D955BFEDD5322503B"
"enrollment",196,"E1A91155AD0543318DB338332BB97E0E"
"enrollment",197,"4F893FDA90E74001B3CDA4A83D701C0C"
"enrollment",198,"C35FAD3DA96044F8AB873C306D4AA1B3"
"enrollment",199,"DB8BE105254242C98E651272FD857C27"
"enrollment",200,"F9B79BA2F81F4F0EAB28A023526EA39B"
"enrollment",201,"0A2D1F3245944E199ED42F3B66740822"
"enrollment",202,"84754EA528CA40BD896A5C4B22968B7C"
"enrollment",203,"044B32A3967143D1826E30CABB475348"
"enrollment",204,"408C250AA33C478D88EAF4D8C2D281FD"
"enrollment",205,"17A5687AB68744428459EF132B4E1111"
"enrollment",206,"871937A41D5D4EACB1167E8700790494"
"enrollment",207,"9C1027CACDD54311BF7BCFB140484E43"
"enrollment",208,"ABA628717684401E99060BC2D193A8F8"
"enrollment",209,"F3BFFB6F3F054E138B0C8AD359AFE739"
"enrollment",210,"2DBA539F6A744CF4A6B08675EEE6AD44"
"enrollment",211,"B406907D8F7F4604A3E35F010898D3D9"
"enrollment",212,"24399EF96FB9438AA194EA6AD2DBC257"
"enrollment",213,"B75F6C3279804705BE68FBAEB4D25FA5"
"enrollment",214,"B37B4259EE1F45E1AD6F8DAAA9DB0DD0"
"enrollment",215,"3EE5CD728E56439BB7E4484E0E0AE25A"
"enrollment",216,"B048567AF6944CEAA15D582C4E1376A0"
"enrollment",217,"044546E5FFD34E6383F7F9FCF5947304"
"enrollment",218,"0DD5B1D98E5044558DD7186E62C8A855"
"enrollment",219,"F3B4F8B1A9224F11ADBD5FDC70450B00"
"enrollment",220,"8A9E204050D14AEFA877EA119B588001"
"enrollment",221,"E5961CC2513947C182932A6EE04AD790"
"enrollment",222,"F8E71F0254284E218DFB72FB6974B091"
"enrollment",223,"9EB5B17420304C81A0558F124704CE42"
"enrollment",224,"EDA086FDF442498C9C906F6AEA96C286"
"enrollment",225,"30F6D40432C745A0A04622FAFA96CF44"
"enrollment",226,"64EB8CBF75E846FC85B4E29D2EBC33CA"
"enrollment",227,"479AD76821C1416F92B5B0D2A4C4E506"
"enrollment",228,"42D1C001FB6B443BAF40A0822A6A4CD3"
"enrollment",229,"5E232B6D636745CEA14E5DCD295FF53C"
"enrollment",230,"1FF53BC9D0C9475EA1C08FFBC125C632"
"enrollment",231,"9B2C7F9893224AF393529312659B4016"
"enrollment",232,"C7013F14CA4441F998B33655C7030DAB"
"enrollment",233,"13AA62B61BDC4CCABB4773292E3E0D39"
"enrollment",234,"8AF6DE20641A4E00BF1C45BB3C4F4070"
"enrollment",235,"8124BA16145249038E5C09C95A2B95EB"
"enrollment",236,"97144A373B5D4D20A0E689AC8DDCD5DF"
"enrollment",237,"709DF13DA21B463D8CAB32CABA9DD14F"
"enrollment",238,"EB85654443EC4A46A0CA4E9F2BFA298F"
"enrollment",239,"8CA062C45C0B4C46BC1D65CE477DDD89"
"enrollment",240,"AFADD5C2FF7243BD8B6B8CC8A81AAD06"
"enrollment",241,"86AB3BDB17CC4C6A9AF2C93C4C2F73E7"
"enrollment",242,"2CB96EF597E74D9C8BBF631E34B1E2AF"
"enrollment",243,"B1E3570049474A99BB900E562E6DF8B9"
"enrollment",244,"44702E4A9BCA415DB32A4636D01E44A7"
"enrollment",245,"CBF3C4918136466E9D3AD13D4E5E024E"
"enrollment",246,"F96392800F9A44A59D7DB8D558BEDBBB"
"enrollment",247,"551D27F0C30C4903BF793775AC27FFAA"
"enrollment",248,"66496FA7114245CD8B7E9A8EFC54944C"
"enrollment",249,"E12BD3DE970545BD9F4B4F12BB8AB7F7"
"enrollment",250,"E186BA4AC73E44FFB1AC94A254A6E6FE"
"enrollment",251,"B9ECFA81A5E949C1B2730F87394855CA"
"enrollment",252,"4E0C8BF2D0DC4E09B414D72A17515C88"
"enrollment",253,"35D6CDA99E9545EF844169D08802207B"
"enrollment",254,"F3E372C7DA9B494F9AAFB31F996AC448"
"enrollment",255,"382A6D59925C42B4911192FAC812BCB8"
"enrollment",256,"96BB89EBEAFE45E591E27585FC856C54"
"enrollment",257,"A91354E61DCE4AF78E67634770B41330"
"enrollment",258,"83CCF5195EF94C6A9FCF92C7D4E09938"
"enrollment",259,"869E6A8D73F04F8E9DAC0D935B9D7BDF"
"enrollment",260,"0EBD09AAF0224CB9BEB94720ACD4C6CE"
"enrollment",261,"5CD7B1E5FCE14B91A474D2916FABC4BE"
"enrollment",262,"5C968EE8FCC543FD9E601EA6FFA48678"
"enrollment",263,"12812EF7EA8346DE8EDF7AD903EB08CD"
"enrollment",264,"1C3333049AB347F1BEED874B08FA2EE6"
"enrollment",265,"6C517A011DF84D0DAF91E84146912E4A"
"enrollment",266,"DF73449F31824E5A8EDE68A2FE092A44"
"enrollment",267,"EB67846F86CA447E876610921A6823BF"
"enrollment",268,"1EDE9A02669147E6BBF8F3288C5A6948"
"enrollment",269,"638DEBB1A525498DB372FF77A13AC1D9"
"enrollment",270,"28879E3628D14C7D8C3BAFBB6100A064"
"enrollment",271,"19C7722EABF94C83A15CA21B447A56C4"
"enrollment",272,"A10933848734411882BD51B96AEFD0F1"
"enrollment",273,"B3FB736017B840399E02FD275060A3EA"
"enrollment",274,"69020B04CAF5418EB175BE4091C3445B"
"enrollment",275,"B2BEFA0DE2CF4A06A37E7AFBC8608EAE"
"enrollment",276,"E93074DA5DE64E2D8F5A92539267C83A"
"enrollment",277,"C0938949E70C408FA70FDB9F03CFB41A"
"enrollment",278,"3E1D1F7FB6514743A8CDB190ED4AA075"
"enrollment",279,"8B50D1B0190C40F887EFED8D7A1DD35D"
"enrollment",280,"207ECF9829C8483ABA06FC8D0E25E416"
"enrollment",281,"5BACB084C7624FAD8372B76C5A26AB02"
"enrollment",282,"43C3D0EF58044EFFB7404913AC0AF5DB"
"enrollment",283,"ECB29504F286473191F80B0EFEC6694F"
"enrollment",284,"F9BC07FA91074B2BAF89AE614C491553"
"enrollment",285,"8531A479D21B44928A5E008E1A3E84D7"
"enrollment",286,"01B01F98CFB04E77A6946F321B00F101"
"enrollment",287,"B201ED4F97B14D318AE7D3C52869ACD2"
"enrollment",288,"4FC4948D8ECE49628B190E4720F4B2E3"
"enrollment",289,"D47567FD0B084036B15B4D3B1775CC81"
"enrollment",290,"B9B51324ED3849518257F97EBECCAB18"
"enrollment",291,"A84AFD8E48EA4FB495AE20944B918ECA"
"enrollment",292,"8DCA9598E9D34C6AAD572F723EFFA1A7"
"enrollment",293,"6446487FB1D2469D872CB79D0717B5BE"
"enrollment",294,"282F97CE9ECA48F59A3AF453301A2876"
"enrollment",295,"4295DFFD7E3C47D6B1B5070F85582426"
"enrollment",296,"E2FA12A2B05C4A4194A684C9776EE9ED"
"enrollment",297,"53E6954710184589BD53485FDA0DF02A"
"enrollment",298,"AB87FA99EE9B4988A0AD97E6FD51A7EE"
"enrollment",299,"18DB95AC59D24EB88A141B15A44C4DEC"
"enrollment",300,"5ACBCF78077D460C8019B346626A983D"
"enrollment",301,"F1094D8883A04B9F83B20C017C2FBF69"
"enrollment",302,"B47190F2FF5C4A5598A4FD297F20D161"
"enrollment",303,"D2C3EF7DF4A94E67A6BD08B9D43FBD57"
"enrollment",304,"3D6FF8536C00412CAA2B03A69D4FE44F"
"enrollment",305,"6DA1F6159ED34F3FA31F6E993F75490F"
"enrollment",306,"7481CF7DA8B541BA85CC095409A9D225"
"enrollment",307,"9CD29C6503E14B04A2BEAC13DC9330B3"
"enrollment",308,"49C9F59D998B4885B169287B684DEA06"
"enrollment",309,"0BBE548ED91A481984B5836FCE57D4F4"
"enrollment",310,"403F93C835C146948AD2C7BF0E1F3094"
"enrollment",311,"94549CD5AE4E4CBD92931307E231846A"
"enrollment",312,"8A3A5CA6385546EC9C35FF38057646F9"
"enrollment",313,"C062BB6A191A4FFB83B1F749EA727E72"
"enrollment",314,"7058E9605A3A47E1BC71DB0A8F4CEBF3"
"enrollment",315,"F83131C79E7F4ED4879760289054D47E"
"enrollment",316,"B46DAFE2A48F4902B68A2BEB0C01619F"
"enrollment",317,"92EDDE3ABA024ACCAA2377979DE0DE73"
"enrollment",318,"E845E8B7E7994B6C82D25B7CD814B555"
"enrollment",319,"3BD2BBE4AD3544FB817813FD2874B211"
"enrollment",320,"6871317F477345B5B9CF995E1F20E680"
"enrollment",321,"ACF30A77D567485B8E1330F250BFA232"
"enrollment",322,"9E633AF1343D456DB33548407204E2F0"
"enrollment",323,"A5542C86685A4EF68110979140BEB205"
"enrollment",324,"9DD15988AF944F52BEC155D29C611DB9"
"enrollment",325,"D2634B81EC7A40609DB11626B6F79AF4"
"enrollment",326,"2C3536FE79B54A97B17FEAA0AE84E9CC"
"enrollment",327,"5818F486A6D144B1ABCB689D6118111D"
"enrollment",328,"9ADE937A50A3468AA830705B756662ED"
"enrollment",329,"0859DEED3C1146E7B0828E099CF50B33"
"enrollment",330,"B13AFD0A3BA947C6AED94B50C1FFA750"
"enrollment",331,"75CE71FF093749E4A6EFEF092FAB2A1F"
"enrollment",332,"CA605CF87B444F66B054C5FA6EBD0586"
"enrollment",333,"8BBAB55068134228984C1D567FFD9EB3"
"enrollment",334,"EE3CBE3CEF174FB9AAE471EF3E80CEFE"
"enrollment",335,"FF9262EB2BBA47E6BC06114F77412698"
"enrollment",336,"F4FF0079F6EC42D299F59D4E354401F2"
"enrollment",337,"A3B8ACAD5FE1477C94B4D2EC548DF41F"
"enrollment",338,"1711F0DA026546F39FBC52C7E108AFD8"
"enrollment",339,"8C809D82F4B947258383DA45320F0CA0"
"enrollment",340,"167A0963495348C28C578F4BDA93532B"
"enrollment",341,"DC79E9F3BCC142FEBE56301B2642560B"
"enrollment",342,"24AC968A2F8041BCA4BB2A116EC40131"
"enrollment",343,"A232B8A36201487BA4C8066B47F491D8"
"enrollment",344,"2A9B801DE7ED49A4BCE45DB55C16FC8C"
"enrollment",345,"1B9251BCE6E74CA58C35F739107EC5A3"
"enrollment",346,"D61C397F7C884D2E8DD2134F20A2223D"
"enrollment",347,"A6AF3D0F26134D7386C9910A470E7F78"
"enrollment",348,"A310096D581A40C7814A34D75228F09A"
"enrollment",349,"EC79CEBFB4E24134977D30D359AA1570"
"enrollment",350,"C762F113CF964779AC73E501275C759B"
"enrollment",351,"82FDF8EF21AA443C9591939F60645E8B"
"enrollment",352,"8E760FC2C87B4AED97D7F90C540959AA"
"enrollment",353,"2111FC44158543BD9A09562508D68892"
"enrollment",354,"A6957D09D64944F7A92C7125E6114622"
"enrollment",355,"6022876B2A0E42AD9F1599BD89FCD9B8"
"enrollment",356,"2E0E940C9D644457821925BEC067AC8C"
"enrollment",357,"C07CFCCEF46C432385FE85CE75302177"
"enrollment",358,"31AB54A15FB54D52B5A85F1291FEE82E"
"enrollment",359,"AFBF11D5C17D45D29DC54FC46234EB63"
"enrollment",360,"249230CF757B49619D5AE70A2CEE49E3"
"enrollment",361,"954A809B17BD44799A4C882ACD030E57"
"enrollment",362,"7F77B9B7A2D74A28AAF4CB24B331924A"
"enrollment",363,"06930893990C4950B71466D9AA1E80AD"
"enrollment",364,"B9660E3F46924AB29A088544886AB9FD"
"enrollment",365,"2019209D84F94B61B70922C68AE1DA2E"
"enrollment",366,"F4E96B35FB044D84BFA4C7DB7FD0BABC"
"enrollment",367,"F91831EFA68445E58F7989928B4F45D8"
"enrollment",368,"392090AF604B448CA1E7D36B4C981F6C"
"enrollment",369,"9DFC960C398F4FA9A41C4E04AA915A39"
"enrollment",370,"5CFF87A2DAD64E10AFDC094E812456D3"
"enrollment",371,"B22C01569E1F4668A85CFA9ECFC47447"
"enrollment",372,"EEB388BFB80B47F7BFFF096E4FCF3B41"
"enrollment",373,"B574B8D6B20B48358DC247B411095299"
"enrollment",374,"13DBEFD3C3EA4D888CA65FC841D15DD9"
"enrollment",375,"7F269286557441A29BC45620681DDE82"
"enrollment",376,"13933F784EC440B984FF52709DADCE37"
"enrollment",377,"AFD988012F4145BEB03FCC4E6551ECE2"
"enrollment",378,"EA1A808AE0A1461B8F58F5C59A6624FC"
"enrollment",379,"BFDCE28F69FF4E568663C7372DA30EC2"
"enrollment",380,"5F678F642B6141BE92C092897C0C4145"
"enrollment",381,"EDB6E86CE09D436E91C2100FA0AA7163"
"enrollment",382,"B5615208F7F64BFCBB7909D22A63A228"
"enrollment",383,"21B41497C19B489B80DC2032C665713D"
"enrollment",384,"8AE8B3FD0D88400E85C91D5AEB9C7093"
"enrollment",385,"87465648B85F40FB8364CC37EE0B57FC"
"enrollment",386,"BCD478B9B88548F4B7CDA81EE2847190"
"enrollment",387,"70983BAA73F44D06834C3982DA2408D1"
"enrollment",388,"56E7C49C5C3943F5AE7B92E457F0BF24"
"enrollment",389,"AB042D45B5A9405EAB1D385135D8BE05"
"enrollment",390,"9D30042AD11948348BEE04F3F91A8524"
"enrollment",391,"02C055AB55EB42A2BBBCD8541247F49F"
"enrollment",392,"95EAF0709030424AB5E52C6FB4DB797A"
"enrollment",393,"A28FA35B37764321AD985CBC8678954B"
"enrollment",394,"3E33FA0975044B62B45AC49F09D130CB"
"enrollment",395,"3620AFA2459743BA8401A208AED88AE2"
"enrollment",396,"C06038A0A9E447F7ACCA3D97A169969F"
"enrollment",397,"145765FB4AB048F6A9B8FCCDCC9C63C9"
"enrollment",398,"26553300E86E48F5B7A188BF8880A8A9"
"enrollment",399,"628F5E8A6F6E4578A90595345E4D90B2"
"enrollment",400,"7ADFE488290044A994A7705C61E6803B"
"enrollment",401,"D0A1E5DB56E740FDB5B2460C2DD4B0FB"
"enrollment",402,"FFB48DA3C11D483283BD922E8CC4F0F8"
"enrollment",403,"DEF682AD9D324D54A05E37E92ECD2CBB"
"enrollment",404,"71C69CB113C64E79BD284F8C0CAAC52A"
"enrollment",405,"E88CFFA9F5A64E3FB6EDB48CFB0267B8"
"enrollment",406,"8CC8673D56F4476E81F7CB4A982A045B"
"enrollment",407,"DDB04AC0DF934DA4A76C8A381568BD1E"
"enrollment",408,"1F99B1A1744747B3AEBA5D367D990FA4"
"enrollment",409,"53375223591443E0B8CC2F21E3F05C62"
"enrollment",410,"457AF35A24F84F999E428128CB8E3FE8"
"enrollment",411,"8DD4F95A6186464D845C4A887B915E01"
"enrollment",412,"A88579E2A80B47218FD79E75832735D2"
"enrollment",413,"09EEBE3F2E024DF8A2642B3F15F86D09"
"enrollment",414,"359D37B42E7145FEA2AAE154ACEB0C0E"
"enrollment",415,"A913C033F71E4CC8B9CCCB3B755551D4"
"enrollment",416,"512B0BC952A24DC49E9D8F96CD762A23"
"enrollment",417,"5611137B84A34E839EA5C79206DAFFF0"
"enrollment",418,"DA5428A4F75D43BEBE97B5B09B3F93C4"
"enrollment",419,"25574808354940008A31F86513A8F343"
"enrollment",420,"B9F0647975D04D41B51E6F3309CA07AF"
"enrollment",421,"46CB91CD4A494277872B3A882CE13F7D"
"enrollment",422,"6B6B6EA9A80C45E7868792B0542BDFD4"
"enrollment",423,"FE1E57D1C6BA4FFDAAA87088EAE85BD3"
"enrollment",424,"3AE2EA73126847E3BA45561DCE2D3DBB"
"enrollment",425,"2F1B4430DCEF4A03A59FAC9A5E409FA4"
"enrollment",426,"155065997F6046659E05F39FB950189E"
"enrollment",427,"E8C2EFBAE38A47CD8D15733B6798EDEE"
"enrollment",428,"EAEC634F7C934178A2D0379ACA24A610"
"enrollment",429,"711686EF7F4246E4940472E26E953A3B"
"enrollment",430,"AEB4740E0693417DA7404F274D944C05"
"enrollment",431,"62B04739469C4257900B8F841D24DCE8"
"enrollment",432,"7F3771F05FA94F08BDC56D740B6F95C6"
"enrollment",433,"FAF7ACBDFF304E4795AEC4D0F9694DC6"
"enrollment",434,"42E1ADE5666A438BB4F55362B55AF9AA"
"enrollment",435,"E9BAFD7F292741E980D12850F04D1AF3"
"enrollment",436,"90D883FB5D704FD2AC40606C057DC22B"
"enrollment",437,"85E8EFB42E0E4FFE80D69CD59CF658F3"
"enrollment",438,"0422C514A272445199EF67C8EDB184E6"
"enrollment",439,"43C19EABCF9E4DC3B9D59703080156BF"
"enrollment",440,"3E6CDC592E5A4E779D6F24E2DF2EE362"
"enrollment",441,"B373C40458214345BDF368438E40F3D1"
"enrollment",442,"DA2AA60E50A243828E498011598F0C8E"
"enrollment",443,"C4EF18A5ABF54107A020B0935715CFF2"
"enrollment",444,"1004C8D582374BDB97D5A7C60B333DE2"
"enrollment",445,"B1DE10E02A1941D5986E80DC24FE7BCF"
"enrollment",446,"3889405D54E9430AA6AFAD4464CB39FD"
"enrollment",447,"5246F9736997441D85A3C432D5762F42"
"enrollment",448,"869016987014439EB746706337FECB0F"
"enrollment",449,"883479536D424715A5DF64A39E1EA57A"
"enrollment",450,"D6BC56E8A5A34C6FBD9D744DA672C562"
"enrollment",451,"127E906A6DAF44D18C616D3EDB6B4913"
"enrollment",452,"D3C42209EF8C4BE99DC5E5443199D095"
"enrollment",453,"DD49B08AF7AB430C951B74A24A8D271E"
"enrollment",454,"C937712589FA471081396487D9E58177"
"enrollment",455,"4CED09F660234FCC8CBB73D62640FD2A"
"enrollment",456,"90DDED4B45914E0BAEE4F83C0AD27D72"
"enrollment",457,"750561769A23456BAB43AC1ABE8D4CAB"
"enrollment",458,"57B7038ED02F4654A89E980D8B850E25"
"enrollment",459,"226C7908F2DE41AF86FC0327A0F3B201"
"enrollment",460,"C4ACF23F08F44013AA29CCDEF494CF3E"
"enrollment",461,"ED87D0DEC8C5409A90DC57F66D8262CE"
"enrollment",462,"06ED5F0F08424979A0B104103646C2A5"
"enrollment",463,"3E7BA0A6BE054F02BEA87DED8DAE2E35"
"enrollment",464,"67499BAC11D94BBC94A5EB3C391D9954"
"enrollment",465,"284DCF0BD1324342B209AB145FFC52CC"
"enrollment",466,"CD48F4CD7D404E16BA95B0DD4CA53547"
"enrollment",467,"07B26F2494014AB2B6780B1BFF1C046A"
"enrollment",468,"745D1A7CBB22467AABE03129B249A880"
"enrollment",469,"497B8CC24E1D4B129E84330A2822C350"
"enrollment",470,"1FF547802899467FB3D78AA1A869A971"
"enrollment",471,"79159DF7F22E4A66B94F29C59DCC0EB5"
"enrollment",472,"44A0273C5DA24D8F8F10427B9B29448D"
"enrollment",473,"F938DA78F33A43D09E97096775480DF2"
"enrollment",474,"8E715AF88C764B539288F2B169A07EA2"
"enrollment",475,"FAE53E48B07A4BBA9432978390C8B1E3"
"enrollment",476,"2D2EE13BB40D488EB2BEE65A48A1A890"
"enrollment",477,"6E53CC67437E47B191F439FCAD3358C0"
"enrollment",478,"7920043125764116B6B6B1897BED52F9"
"enrollment",479,"98EAFBE1016B4F45B2478E4BCDE5302D"
"enrollment",480,"AD385FCF725A4BFE8F128E3921BF8B15"
"enrollment",481,"A825BAE406CC4562B10D3828D615142C"
"enrollment",482,"705B2BE158F84EA4BFD7CE5D784B6D70"
"enrollment",483,"0576135552A24FE3B433E48AB091F253"
"enrollment",484,"4C5F6253770F4188A5CA0D7FD1A02F0C"
"enrollment",485,"D10C7A5C0FDC486A938B3972ECBB8F4C"
"enrollment",486,"AF6F6DE4DE354E4AAE4FE901A24835DA"
"enrollment",487,"BD11DB276931490E8738B46F8325BEEB"
"enrollment",488,"862393B7B17A46598CE86DD87133163D"
"enrollment",489,"A6086D7FED74422BB6534886A97722C0"
"enrollment",490,"D2E205C63A794285822582C613642AB4"
"enrollment",491,"5DAA3003B42A4C63BEB39A01E2D792BB"
"enrollment",492,"CFC9804DD746420580084B94915E7D17"
"enrollment",493,"5B724E7AC2B74228A2A4E83D99FC678A"
"enrollment",494,"D86706AE01BE45B4BC826BCADBDF3E18"
"enrollment",495,"FF4F443C5F7A441BB42CF9FFCE87E222"
"enrollment",496,"75BC49EE82494DD9A1C49018B7B7659C"
"enrollment",497,"8BC8AD2FBBAA4586925E03327E843313"
"enrollment",498,"EC747ABC109845A091935E6DA5D58884"
"enrollment",499,"CA8E9962651547758244CF98C8EE9FA4"
"enrollment",500,"BFA0A0B20EF64242BD23E4D431AF68F4"
"enrollment",501,"FF76167B48604368A585595D4898FC10"
"enrollment",502,"DC2DBDE8AD9A49788F8B75614D553372"
"enrollment",503,"528D12B284D14D3CB009E5065F7D5F91"
"enrollment",504,"937207D56F1F4B4E9D9FAFAF32EEC332"
"enrollment",505,"7AFFCBEBA2304E6D984E041CC57DBAE6"
"enrollment",506,"89C55E4C12BA4C1C9B019DA223A4854E"
"enrollment",507,"F636EB040254435299C00DC38609A7A5"
"enrollment",508,"C05C2CD825A54DF985CDF3C92CCC9024"
"enrollment",509,"C69679EA77AF4DC0AD439562FBDDF87D"
"enrollment",510,"F4138D55A7FA4B058D7CA6775E6BFBED"
"enrollment",511,"6499FE1CA1734D54BA41BCA535BB74BB"
"enrollment",512,"E70F588B3B864225BC4C1F6B683809D9"
"enrollment",513,"429D07C7F80C49429ED903E39C3EA088"
"enrollment",514,"E637F7A40B4647ED9C8C98CE46A354D5"
"enrollment",515,"EEF46C48524D42CC88AE9BFDF8B96166"
"enrollment",516,"A5C8FAB98D73465590231879E4CCBA18"
"enrollment",517,"51B335F0D6FE45DC9E7AF4B1C95092A0"
"enrollment",518,"86D9F9AE0CD3435B9C08E412EE0EFCFA"
"enrollment",519,"093F3421B6DD426788F52F6BFD349ABA"
"enrollment",520,"772A7CAF9A4E4499AEEBD3D388DACA44"
"enrollment",521,"49F73009786941C78FB90FFD1EDA5613"
"enrollment",522,"364F8FF7DC6347BCA2CF38455B084DF7"
"enrollment",523,"10C7C5D74AB540C4B860D4307F78737B"
"enrollment",524,"8C1E81E0ABE3448591C79C75BC732706"
"enrollment",525,"18F42C2913BE4AA0AF1484797E47C905"
"enrollment",526,"D3838C70CDE44E18BC04B28643DCF199"
"enrollment",527,"0879C8B0C71642A493C4C5C08029B2F0"
"enrollment",528,"A81A080D469F43CD80EB5F720540B489"
"enrollment",529,"30A4E42779B64956BFCF0603778D84B4"
"enrollment",530,"4AB4D343E5204976B5070BEE24408E15"
"enrollment",531,"8DA50CEF88BA4FCCBA76F6083EFDEA64"
"enrollment",532,"1F1C4F681D6E42E5A731AC6E9496C388"
"enrollment",533,"860B5113D2CA4A5299621FB380FF56EE"
"enrollment",534,"54B3949DBC114B00B7F971C132BA2213"
"enrollment",535,"D15C1CDEC95B4C24B35A4A2AF3846987"
"enrollment",536,"323C28439B2B4670AE692D2D2BFD0CE6"
"enrollment",537,"9F960A53686E42A591B3B50EE4332F0B"
"enrollment",538,"12A19F28749B4FA4ABFD665E8ED225C1"
"enrollment",539,"472644986EA64AC098C2828983D07A55"
"enrollment",540,"ACC007D8E2124B039F22D759B7DCBF43"
"enrollment",541,"36B081A286D14B05AA7644BB8A8DCDE7"
"enrollment",542,"BFF3725D703A43D291F7D5884288A31F"
"enrollment",543,"EEC503E90CE74EBFA6A03FC3A75D4D74"
"enrollment",544,"E0A5257538F9465991EDA8E8CFFED74F"
"enrollment",545,"A8C658691A6F4C32BF895CD5CD1269A1"
"enrollment",546,"530BE56E60D542CEBE9627D69AD3AC8F"
"enrollment",547,"C3B8AC08A2744F42A356B7932DD9F166"
"enrollment",548,"928571B96A5340D386A47347B16C9879"
"enrollment",549,"3AA4220986CE4AD9A7AA510D2CDB1264"
"enrollment",550,"2B741285ADCA425E8C61C5DAAE7FD33B"
"enrollment",551,"D6A738D2A135419E96C8902FECF17087"
"enrollment",552,"F7AE94281466482993D03B6874D9B0D5"
"enrollment",553,"865ED6F7AB9F48FE9143E8628B1BB05F"
"enrollment",554,"965BEB41EB584F3496029F7C30661C5E"
"enrollment",555,"593CB91C20394AF5B92DE634B74EE16C"
"enrollment",556,"C30863C36605467AB32B1C9BF997CA3C"
"enrollment",557,"000EEFC86E7F46398B242A28C1143A17"
"enrollment",558,"B201AC2EA5704CFF8095B7ACED6D2042"
"enrollment",559,"B54B0C1864AA4E8298F4CCAFA05077BD"
"enrollment",560,"EF21264978E949F6A2CE6F7944FB1562"
"enrollment",561,"B01E086C32D24ACEA30B40AC2DAB621E"
"enrollment",562,"86E355D9CE5249CFB08BBC38BF3EBFCD"
"enrollment",563,"8BB7C51BD53C4650ADB3838E38E952A4"
"enrollment",564,"48565DCE94A64B6FB716FD0BABB53E71"
"enrollment",565,"C8A37434876947458AFE7820E25CA542"
"enrollment",566,"60B6888A63FE48F587ED239F820DF11F"
"enrollment",567,"2CA1C27135614A34840E44E6002C3959"
"enrollment",568,"3A47FBC681034C7D92023878259A476D"
"enrollment",569,"F88BBF136D114894B589CACA59069B91"
"enrollment",570,"8DB857E7CCA64FE18D6EA3C095B7DCFE"
"enrollment",571,"948B445736AB4D60AEE3FAD9A1476DA3"
"enrollment",572,"46D6C1A24EA84F45A1CB48DD63DB3413"
"enrollment",573,"017361EB26974C2C9C34FD7FF67E7F34"
"enrollment",574,"C2150D04EA8F419D8A1EEE19AD35F926"
"enrollment",575,"C0EDF97B76F74B8BACFEE3213C7D4035"
"enrollment",576,"0C70F8D5DA7341E8851C42C1D2EBA413"
"enrollment",577,"D19E071CD49449D8B9241A41A840A9FF"
"enrollment",578,"FF12173A7B434ED180C83C902E0F44E6"
"enrollment",579,"857B8B77B6234430A993767C17F142F5"
"enrollment",580,"201EF1235ECE43B28372AB40E519C349"
"enrollment",581,"A59282EF4C4041A2840925C050E2F44C"
"enrollment",582,"D98A3A28D88845CB961FE241EA21F088"
"enrollment",583,"AAE313663EBC466C9150ADA06205D345"
"enrollment",584,"331B241E4B1545C58CCAE76FD072FF5A"
"enrollment",585,"E765D26909A64D2EAD044BAB6760636D"
"enrollment",586,"54A6E6A13A8840F5B8CA1D6DEDB03957"
"enrollment",587,"74C8D717110E4CE694EFB9809209849A"
"enrollment",588,"8182F7551C8C46ABBF8E2E0B7499A55D"
"enrollment",589,"5A071E23088145D09401117B97C82B79"
"enrollment",590,"783EB8B12BB148D6A918E53B7D4409DD"
"enrollment",591,"5149147827C24531B3777300FED81602"
"enrollment",592,"123EEA6FE5A8494B89F8DAC70B50B10D"
"enrollment",593,"C4E9B1137C2F462B908678DB2CE0AC8F"
"enrollment",594,"891640BC5009491A94FE5931DB76D78F"
"enrollment",595,"6BB127F6967D44639A7E203070317732"
"enrollment",596,"44EBF75947F5422199FD49236F1D8C84"
"enrollment",597,"09DD50668A764843BAB85D1BEE2FFBBD"
"enrollment",598,"1061071E74D443F08C2D8E9DE04E0C82"
"enrollment",599,"8E4BAD27991B4AC2802ACFABED86F9B5"
"enrollment",600,"82E2A27BFAAB41B78D7A1B9AE80B7610"
"enrollment",601,"2155D2ED1B2D48AEA0AD667268B761BB"
"enrollment",602,"EDDB2D68CAAE4BABBFB12EA88D5FC7B8"
"enrollment",603,"972332FF704145B8B0C224FB3ED80363"
"enrollment",604,"4B7ABCA77BD644B89ACC1E42347061DE"
"enrollment",605,"62D310F90EC4493B8155A2ACBBCEFB90"
"enrollment",606,"49EB824E81624282AF7B9B620E891908"
"enrollment",607,"545BF3811E0A4A3581837E2321E75A98"
"enrollment",608,"41215976AA3C4D418FE2F32F7F4A74C2"
"enrollment",609,"9BFE074E727C49478204DD8A025F6997"
"enrollment",610,"D8AF46BA9B5F48CBA77E78BCCB28FE55"
"enrollment",611,"F0F3977B5F734B7A9E92C2EC46EB473E"
"enrollment",612,"E389A7D2A2374FFEBD0BCD573AEAD3E3"
"enrollment",613,"0E28F42BBB384082AF796F5B73073164"
"enrollment",614,"AD2A4784534E476ABF560879E8B392E3"
"enrollment",615,"53DEC9E15E724C6BB6B816D84D5595F1"
"enrollment",616,"A04F7799113943C4B2BFA4BC7B42309E"
"enrollment",617,"29D38765AD81429C840B0DB2A9BFE315"
"enrollment",618,"02915D09B18D4CD0A5A143258ED413C2"
"enrollment",619,"D45F3F6245BD4F209B7596139ABD63D0"
"enrollment",620,"5399D8EAC46044A087F69206DEF881EB"
"enrollment",621,"1224066AA40E4566B305302333B9D07C"
"enrollment",622,"B9B00BB0DED2490F85B7C2C72991C5BC"
"enrollment",623,"26E7861B47874CB8922FDC5AD74ABEE0"
"enrollment",624,"E44C89A775BA4C0E9998EF0E2EA81D91"
"enrollment",625,"7AE9B600F5FB4E1F9BC4C115C6C31CBD"
"enrollment",626,"770477787D2F4BBE96FB78BDE3FF95DE"
"enrollment",627,"3C2F8D62F7C4498F918C775635B3D600"
"enrollment",628,"02D13EFC0637496DBE9C64B38C843906"
"enrollment",629,"84257615BB9A412DB363A99A78B4A714"
"enrollment",630,"968AA6583BFE403DBE52C6BAF8C1C69F"
"enrollment",631,"86AC41FFE88849A4B57BFE8F2DED56AC"
"enrollment",632,"BEA31D919BB24BEAA97640C5546B81FE"
"enrollment",633,"6FD2FF3EC862452FB82AFA4219B3B744"
"enrollment",634,"CBF410EB29704089932F04730AA3E3CC"
"enrollment",635,"8879D0805C8D4E8BB95B728A96F4573D"
"enrollment",636,"B31E084BF3B24AED87CEAF843C31B81E"
"enrollment",637,"27BB05DA74264815BEAA934BE408827B"
"enrollment",638,"694AF3015DE9434ABB3E525C4B8DA4F8"
"enrollment",639,"3D26D1E80F9A484491F20400EA1F213F"
"enrollment",640,"36C1FCA8CD674AE5815321D8AF93A644"
"enrollment",641,"9965B276B9CE44E4BCE9AAEF26837EFE"
"enrollment",642,"D6D73E66324E403CBDA0E30BB76943AB"
"enrollment",643,"B5B2D8288A6B4E1DAA0AD70899CA77E1"
"enrollment",644,"ADA216CC9D7F49EE90F1754B69571CFE"
"enrollment",645,"3E6016AFB57B40958084C22907565097"
"enrollment",646,"3F192FA59E3F47C0B109C8B04668CE8E"
"enrollment",647,"B1832224B8D7414AB3D80D402978FFC0"
"enrollment",648,"1F17417424DE425E965AB170F7A34659"
"enrollment",649,"E463E02E87154567B4BA7AA3FA803DDD"
"enrollment",650,"7DFCD456218242D8A2DEE9B3A3CD818A"
"enrollment",651,"7A8A04A21CE448F3A83A84803F35F405"
"enrollment",652,"5739E40764CB4B21BDCBB3F8ABF703DC"
"enrollment",653,"14C2DC4B35744571AEABE1277014A3E2"
"enrollment",654,"DC4C8648B69D45D2A5A892424EEF7F00"
"enrollment",655,"5FF155812F104FFFA3C8BC85A3697530"
"enrollment",656,"5BC5C044D5074C238CDFF31AE42D3C1C"
"enrollment",657,"40E893B097844C6F804974909E203738"
"enrollment",658,"D6C1CD0FA66A4A87BADABDEFCC06E825"
"enrollment",659,"0D91EEB440284967BE4AC81D85DD0F06"
"enrollment",660,"7FC2E071AF3D4C9D84A94D7681D88000"
"enrollment",661,"E4BC326072C443C2A8BC5DECE12196F2"
"enrollment",662,"59DE055536774B19AECE9BC9AC994416"
"enrollment",663,"01C35A83275541738C8317A7F83AD1AC"
"enrollment",664,"02667A8E8BD14A8A95AF92A3F6300175"
"enrollment",665,"ABD8B536AF9B42A59BD2A572D1DAE858"
"enrollment",666,"F1032E5F6C74494794A71E06E9216AAC"
"enrollment",667,"143175AB0DB44F2CBEE56D45578D7D1E"
"enrollment",668,"6BFC0489E16D4BDE897A0A8E3EC0D80D"
"enrollment",669,"BA52C4F30DC348CA8D82F596947BDFC0"
"enrollment",670,"1D8EAA9143DD4282A836E8A381E3BB97"
"enrollment",671,"1CC8F880603642F28ACE7335218B7C8D"
"enrollment",672,"263E88A6947F41FEA86DF845B315957F"
"enrollment",673,"70C843775449479B8A7B7BBA987C8C3D"
"enrollment",674,"D643D47DEF6A471FB31435A0527329B3"
"enrollment",675,"7E7DE9D60AAF4B8FB1579BD50B30F810"
"enrollment",676,"81A94F333E5A4B86ACB0DBB48F70B9C1"
"enrollment",677,"252ACF310F6E4647BF7EC3D809EBF9DC"
"enrollment",678,"239007306DCC4358A913CF640228C701"
"enrollment",679,"17B63BB0833648D6BAE94C5D2A9B89F0"
"enrollment",680,"1649F8B8E17B4EB9BAAF28B215D131B9"
"enrollment",681,"715E775EAC4A4173B8D3858A119B1640"
"enrollment",682,"365422F2DE4F450DAA440449B36DC6D2"
"enrollment",683,"20843F68E8C34EAABD810BD1C63F021E"
"enrollment",684,"E652754E9C1F4AA4A094CE58AE18ADAA"
"enrollment",685,"963482AA91EF41C4A67E93EFE26D44F0"
"enrollment",686,"3C80F800AB8D4885BCD535BEDA9B31F1"
"enrollment",687,"64929B0572CE40D6B3F98F791B2A32EA"
"enrollment",688,"023F79A99B5940C1BB1673A7C7ABEDCC"
"enrollment",689,"47F79AD0A66C44478C9B6FAFDE57889B"
"enrollment",690,"3C2CD8028E5B427E88E9E93595A8A87D"
"enrollment",691,"41DFEE8B5BBC464387440292678CDBBA"
"enrollment",692,"5098C4D4BB794FD0ADFAFBC2DA915670"
"enrollment",693,"0B0DF264513F472C812CE020C5C43965"
"enrollment",694,"C76E8140ACA84C00B918E43773BD9219"
"enrollment",695,"2D96FBBEB4494672A3ACD1E6CF7E5769"
"enrollment",696,"D950C93A70D34ACDA5E42D64FE1C09EC"
"enrollment",697,"74FFE37355674143A7731270FDB7C334"
"enrollment",698,"13C60E586A834A6E9C77B0C9915F5BA1"
"enrollment",699,"700BB979A16A42708085D71A7D74DC18"
"enrollment",700,"19BD129C53944044BB458523589C5443"
"enrollment",701,"C7D5FF4F089448F3B4E1E560A2F9AA95"
"enrollment",702,"8715346D06DA4999B3FB44DEADE548A1"
"enrollment",703,"736BAFCB22504FB7B1F39EABAEFB2110"
"enrollment",704,"E5EFC52B4A664A99A96D9C04D2AA4719"
"enrollment",705,"F36368E95AAF4D5F8CD601D036F2A327"
"enrollment",706,"60CF8ACD6430497B8B59F04E0B15B8A9"
"enrollment",707,"59156244A98D47A094E93D7139A77F08"
"enrollment",708,"D9F5669587604BFFAB98689F8388B451"
"enrollment",709,"B3668E2B147D47A7BF97B4D754D2E6E1"
"enrollment",710,"9895F9E7D8E7486DAAAF642910FCD174"
"enrollment",711,"3E05EE4FA6C94E7397365333AB7C74F3"
"enrollment",712,"ED85A77E3E2043BEA801C227A43F2ECF"
"enrollment",713,"3A272C20D6FC498F8CD1091DE3B490E1"
"enrollment",714,"DC33D6B8632547F98340AE0FAE2EE39D"
"enrollment",715,"BD5BED6DE3B5492DA926E4BCB7A7801B"
"enrollment",716,"3D464B90901E45A29A676F5BFA203FC3"
"enrollment",717,"C5BB9AD027F84768BBEC0B2C14EAF206"
"enrollment",718,"F182D1D3D5F440278EB7197A4CFBC61A"
"enrollment",719,"4A63978A4EE049088E76599B9362DA2D"
"enrollment",720,"7584DEFD11544B529D2268D52809D04F"
"enrollment",721,"12C8B0E26F6948CC9B79AEB50941329D"
"enrollment",722,"64F0404A994C423DA131BBC98C638100"
"enrollment",723,"0E80E2F7948342BBB4F2DFBC1B209305"
"enrollment",724,"1EE0F16A1DBD4C9FB785CB949E55D2D8"
"enrollment",725,"D6186853BE1F4DAFB761483CEAFC4B4E"
"enrollment",726,"E9431378DB604ED792FBC6FA41DF0965"
"enrollment",727,"CFE980B1F2A9446E9DDCDEB842AA6EFE"
"enrollment",728,"31E3F178AB2C40F8A415FBA6455F0657"
"enrollment",729,"2427F0DD4E454844B7B2376351F9B176"
"enrollment",730,"AB9AC2F1A1804022BDB524C02926685F"
"enrollment",731,"2EC8EDFB8F9E4942A1E611DF7E131BCA"
"enrollment",732,"5409821A01B9433B80DC5547FBA3C02C"
"enrollment",733,"ACF5FE2A6EE44575BC9E289F8C67F42B"
"enrollment",734,"9B5CADB2AB3A473A85E29B540E34AE11"
"enrollment",735,"FA52DE0E3C2946849D1C7A35EF30524D"
"enrollment",736,"72778802736F4F74B7C3AEA0142AA8E9"
"enrollment",737,"9F26DC88197D45EBB06984DA2A9FD50E"
"enrollment",738,"A1BCF70EFD1B4A7986259CDDFAA8FB98"
"enrollment",739,"420EE3A243E64608867ACD0B8E67A194"
"enrollment",740,"F4BEFD5854084128824C99E00976E69F"
"enrollment",741,"707986BAFA75439CB2D5DD4F74FA83C7"
"enrollment",742,"B0E4997F504A491F84F8203671C74712"
"enrollment",743,"D367121DD93E443AB45FC681638EC19D"
"enrollment",744,"CD5133B9EAA4442FBC62A92B06EB2A50"
"enrollment",745,"50621CF2554D4422B33301F42E12A546"
"enrollment",746,"DA00292331004DD197F1C825B5D01ED7"
"enrollment",747,"7A469B5CAE4F4176B2E2170CFC64DF68"
"enrollment",748,"BA91E38B4A9C494495489F554B4219BF"
"enrollment",749,"1046D3DCFF7B4118AE91128D074314BA"
"enrollment",750,"9315D026C2EC46719BA5A0C6B501C3CD"
"enrollment",751,"09BA69DA4BD04B4887198D537754ED9F"
"enrollment",752,"A642E663D0A4493F986A41DF781B76F9"
"enrollment",753,"0FBC79B0DE40456CB973351D9319E455"
"enrollment",754,"49014E9BE673480888E12D63BD7A9F9D"
"enrollment",755,"8E5D9339AF314D03A70577FF0531EDC4"
"enrollment",756,"8B77341EA05F4E6D930081E166E40514"
"enrollment",757,"1DD9F957FD5F40FEB49E5DC3F2805B00"
"enrollment",758,"2108ACDCF5204EC8AF898E51806D2158"
"enrollment",759,"7E2F3A2BD1754BAD8B869762480CD02D"
"enrollment",760,"25F829A8B9A1488E89885710A8CB43CE"
"enrollment",761,"E718E22B621C4C51A9C3667D2BC89833"
"enrollment",762,"11A2C5393601415AAE0FC6B9EF5E5FEF"
"enrollment",763,"5B48E8E443A840438520F5203E2090C5"
"enrollment",764,"59502D7B252B43B4ADFAE776C860D614"
"enrollment",765,"9EAF6DAD5C594942BBF8A1B32B54683C"
"enrollment",766,"FB9002C8679344D6AFC516AEDB80E2C7"
"enrollment",767,"B11FC9A2242F4C729C95A836C88DF1D0"
"enrollment",768,"5B4B2F6E613D4E55AADA039EC15B07F5"
"enrollment",769,"426523171DE7491D8CB37E98F7E63CDC"
"enrollment",770,"4EB44867B44B4C05909DC7F3FFF08A98"
"enrollment",771,"2D2C02284DCE428EBF47B524852E67AB"
"enrollment",772,"DB1588369EA64CE5B285B37231424169"
"enrollment",773,"5B8C34080A53449F9637BD0F7AE7A9B6"
"enrollment",774,"29E1A28925D34BBC906EF7B54DADF9F6"
"enrollment",775,"6F8C1685849E466996235195DD3C68BE"
"enrollment",776,"2B492F60535C412EA57FD33FEA5999DD"
"enrollment",777,"224BE10D3F7E456B9B7781121F7A5495"
"enrollment",778,"DF3088898B90454CBC47981AEEEC3F4E"
"enrollment",779,"E120C8ECF7924F0190718DD8ED26D63A"
"enrollment",780,"77CB90679533405CAE767ED2B1508B09"
"enrollment",781,"037187C454504EE68510B9D07A647B1B"
"enrollment",782,"9086CEE6A5F649AB8C95C4BD0FD9FC4D"
"enrollment",783,"9B9FCCF0520148AEA533552137BE394B"
"enrollment",784,"541A1A816D8440D4A7FE393527C86E08"
"enrollment",785,"16B6552B4AE242B089829D1F30C1625C"
"enrollment",786,"1C4C1A83902E44728B975631B24770D0"
"enrollment",787,"859D5F2E023A4166BC1334BDB86C33EF"
"enrollment",788,"ED537B1B89ED40D5A0D589A9B6B84C90"
"enrollment",789,"0351D08DB1AB43289672442AE53E4726"
"enrollment",790,"FCA994F614FE45D0A695BCBEB3CC8A3E"
"enrollment",791,"0708CFBFE615422EB6F416B598567086"
"enrollment",792,"634826A8F8804B3AA2FE23F71541CF7D"
"enrollment",793,"B2DD5AF5CFDC45E883695EF0F04644E2"
"enrollment",794,"3D47AE3612EF412FB94F178B77A45C00"
"enrollment",795,"62F45195611142E3A45F4D2A70C8B108"
"enrollment",796,"E786AE4A059B4871B8D20E28CD9DC3D5"
"enrollment",797,"FD806B8A46BB4769A5E647DAA4586657"
"enrollment",798,"936985F53712404FA6E02FDD4D10336A"
"enrollment",799,"6A8194BEF9E544FC8A48A16BC3BFE2D9"
"enrollment",800,"7C20814536E94EA5B7E22E2D9625C1AE"
"enrollment",801,"4E86441C85894A9094AFBB63DD90CF82"
"enrollment",802,"04B09948871E4AF0985AA6660FAB2195"
"enrollment",803,"448649FFDC434E3085C8C0F8B7C2AF96"
"enrollment",804,"11EB55AA20B94E0E9303411351E4BE52"
"enrollment",805,"B6EFC58D1EFF488F9A63F656D389F75B"
"enrollment",806,"2F93E81DAA4446CBA2261709C2442C4A"
"enrollment",807,"1813F5457F7640C0A2C581E7535A1588"
"enrollment",808,"0F995D794F9748968FC74C55B98CF936"
"enrollment",809,"D72B4C1D5AA6497480140C2106DC90B3"
"enrollment",810,"3802E2E45D304DD2A7AC73EF30047F60"
"enrollment",811,"1E0F518D8BC94D1095EB1064C7BE50B8"
"enrollment",812,"36BFE1E91075465B925FDAC1F55E0BE9"
"enrollment",813,"B244E12A3EE7414C980454F311729149"
"enrollment",814,"068575E2FA5A4D5E99060BA30703D36E"
"enrollment",815,"48FD2B6B81034802BBFA2CC44F0A362E"
"enrollment",816,"4020BD7FC5C2424194DA7BA9AC7AC08E"
"enrollment",817,"3E37E4959742475CBD5A5F10626AE8F8"
"enrollment",818,"9837E268D8D24C4FA70E736927477DF7"
"enrollment",819,"78C77166F6CA459DBF2098433B5E4996"
"enrollment",820,"F9DBF7326E6D41BFAC62C7467E08FC3D"
"enrollment",821,"111775DA722846348EF9A0CD5D1136C8"
"enrollment",822,"A71FE34834D74D5B866C66891873B55B"
"enrollment",823,"A0AA92304FD74292A52DD14FE3091968"
"enrollment",824,"84F137202B23427493FF5628B7EB417B"
"enrollment",825,"B41C6DB8EEA34B3097FE43798BF33E0A"
"enrollment",826,"3637CFB7ED554885B9629544AC62FEB9"
"enrollment",827,"B29AC7431AF943BCAF8423FA8B146EDB"
"enrollment",828,"80CEB9E902DD43118CE96DCE4499A1E4"
"enrollment",829,"FA285BF4624B4EC582DFE029EAD1D219"
"enrollment",830,"E525B9393CB040AAB6221444F6A56A0C"
"enrollment",831,"8096A4EB2CC3445D98865C1FB85B5824"
"enrollment",832,"B8C101D70B7240DC843F6A00E27A4453"
"enrollment",833,"7D4334E43A264DB395435303771832BB"
"enrollment",834,"BA478D4F773B4C83B505EB0E64C24A88"
"enrollment",835,"35D2AC40ACED405EB82486749DCE7F01"
"enrollment",836,"EFBE3915D0F2498180BDF833B15C3D7C"
"enrollment",837,"9ECBABF13CE84C57BAA25A0D0568ED21"
"enrollment",838,"2FC50661C6D74249AE9B250BC5F4FB54"
"enrollment",839,"5C562EEEE5844D79A72EC1DA2E000289"
"enrollment",840,"E4A5DE478A3442838EB8302EFD44A573"
"enrollment",841,"93121668ECE04F4098806C1B9438B623"
"enrollment",842,"9270A1B9D84340A49DF97778E01288A7"
"enrollment",843,"0976C4CFB7964C16B6353CA456A5B3B7"
"enrollment",844,"CFC13EABB8374F7BB3D464476D81FBA3"
"enrollment",845,"41B58192918440AFBCED34E77D0F3B91"
"enrollment",846,"E1C3FCEFCBF64F3595899041C442A42A"
"enrollment",847,"03D3CEB82ED943A793881CADDD1788D5"
"enrollment",848,"00250A2FA3C94F8D8E0342758809E3A4"
"enrollment",849,"A358A5724006467F8E64A5D5C88B2FAB"
"enrollment",850,"5431F96CE7F34B11A80A52549D9733E6"
"enrollment",851,"079C1BF4068744F9A9C24976A5F157E4"
"enrollment",852,"F7D6AF2BE4FD4506A3A2F17E2539B11B"
"enrollment",853,"17D171962ECC4C5793DF580712109D2F"
"enrollment",854,"1FA4B3D193AA4F409BD9343B4EF40C11"
"enrollment",855,"FBF48768F1184B52A290BCE2128DD3DF"
"enrollment",856,"195D34BDA3934874822A90D86F562AC6"
"enrollment",857,"690B41C5FD9F44AF83B877E30D2DD8A4"
"enrollment",858,"12295EC286AB466AB1EC4568DF913F8C"
"enrollment",859,"E4C82F563D634F6EB4695CA4FCE5C0FA"
"enrollment",860,"2B9C9AA28CDF4EE9809FC3F7F9712545"
"enrollment",861,"28F13B55642D4FC4B526298C75460DA7"
"enrollment",862,"588D641F13C740CEA0F541DA0E2B966D"
"enrollment",863,"497253D3E72740C697CA9C1B77BE0686"
"enrollment",864,"CDE4934B029243D69FED56297916D17C"
"enrollment",865,"B3BB0C0B1C5E4CE3ABC31FF4F2BC1384"
"enrollment",866,"6DECF7A3C4AB4BD7BB3B53F838367473"
"enrollment",867,"C0CD24072EC041D88034BB8C451AFEA8"
"enrollment",868,"1609FF986D96415E85558E58F453ABA4"
"enrollment",869,"57D99E756C874A8992B6BE6E5B4C2B5E"
"enrollment",870,"C68B38EADDB741FA97543D2EB5122BD9"
"enrollment",871,"5927EDDC575941C18BE61C023A561853"
"enrollment",872,"28EA2A81A00C4F538AEC12E85AE95D2B"
"enrollment",873,"8EC68D51B4614C2C90A78B922B0FE91D"
"enrollment",874,"A68C6A057B7242B29DB652DCEC1AF1D1"
"enrollment",875,"5AC5D5BB4CC4494F99B575E7DDCE9826"
"enrollment",876,"EE7F4CDC8C484F088105E427ED9BCE70"
"enrollment",877,"EB56EC0F6DFA45B5884C9F9479E21318"
"enrollment",878,"A4F93C262AB84767A8B0BFB7A8F863AB"
"enrollment",879,"E51051B34E4D4B6687DED8D9EAD1172D"
"enrollment",880,"432AD99A593F4DEDAA32237BF6DE5874"
"enrollment",881,"9739B11152A947C4AA6DCEBF9D48C960"
"enrollment",882,"E7CCFD14A27E4A52ADC1BA1B03CDBCEB"
"enrollment",883,"952137E6C1054D81841F6DAD06A7A673"
"enrollment",884,"63E7627EF3D04095B4E7E1C987E9DF07"
"enrollment",885,"75828F8A3EEA4288AF1C4212C4695BF9"
"enrollment",886,"22DC7B597D9C4CF2AD1CC31A62DC7D82"
"enrollment",887,"4815428594D5451BABC786DBADDC365B"
"enrollment",888,"8684DFED4F3745D5B242827CF3F36157"
"enrollment",889,"057DD8E2C98D403B97A2165190EB1B46"
"enrollment",890,"34079B959D0A4D81A64CB1BA83D01BD0"
"enrollment",891,"5446F0D7BA8447E6BB6BF781124F7F7A"
"enrollment",892,"A6B4ACCECAFE4A47B12F3552C951D67B"
"enrollment",893,"E5151EA3F3AA426F8D6DF2480E16A020"
"enrollment",894,"4AACD4450A9F4539A056383E1E91B90E"
"enrollment",895,"2BF36C7676F04A2FA4F5CCFA2A3A0A59"
"enrollment",896,"87715BA9B87E4B248D0A7124C8BFBF7E"
"enrollment",897,"8C678738B7734C6F8D276211A607BB2A"
"enrollment",898,"01AFB97EF86440F982816346DFD1708A"
"enrollment",899,"145BC03B42CE4143BF7D7D97C444020B"
"enrollment",900,"E89AA7B9F2A842B99DC7750A82DC67E1"
"enrollment",901,"91AB6150C9524B318313C3BEFAE7B583"
"enrollment",902,"3A83FB2F66F948598F581D10B9757C5C"
"enrollment",903,"2F391C96393E4120909F214FD457E614"
"enrollment",904,"BACE69F2B678431B92153810ADECD605"
"enrollment",905,"8D5BE99235E24CEEB389E7CEC58F5543"
"enrollment",906,"783955F71DA34C47B5C4A3C90E8B3C81"
"enrollment",907,"5A472DC59EEB40888F6351B217D60666"
"enrollment",908,"218BE8DCCE894BBF94E9C839A0AEC80B"
"enrollment",909,"999129B40DFB438AB664A61B61A988F0"
"enrollment",910,"F14F1C401C37452F864C2A1069DE77C3"
"enrollment",911,"1DA9C024CF644FAAB310B3585D991B09"
"enrollment",912,"DC958030C93A42BA9857136F0D53BF13"
"enrollment",913,"CCC03382D7A84E22A4E2834FAC9146FF"
"enrollment",914,"D92D0A8FE8DF4BEBB646FF858D6B54C1"
"enrollment",915,"C706DB41096C4B99893AAB2AA18E967D"
"enrollment",916,"51E89FD9E5324ED3BDECB64784E40B03"
"enrollment",917,"CA1B0B362245445F97AB53B11CAE760A"
"enrollment",918,"DADFBD6669ED4290A41C521EA3BC4ABD"
"enrollment",919,"34627F691E154675854408C690720D19"
"enrollment",920,"F8A1BF9920BE45E882807E8FBE683960"
"enrollment",921,"1F431C07550844FBAC1D415EB6A012D5"
"enrollment",922,"5450CAAEE19F44EB88AE7F115DD7601D"
"enrollment",923,"B780EDC70D874EBC8A336041D666D58C"
"enrollment",924,"52AE5A2697644D7CB3AEF8F8436128D5"
"enrollment",925,"F5D9E30C4E484C848C5F73CBEB6C3CC8"
"enrollment",926,"E0CFC4D277C249B78B2BFBEAF390F2D4"
"enrollment",927,"4476302D6D7E45EBA8E91D5D3E18E0C2"
"enrollment",928,"735F65752536404A89BCF02DD6FC5833"
"enrollment",929,"A486CAB383EC4CD68358EC8A890C3408"
"enrollment",930,"DBD098DBA28643998053E0C50CE7B06D"
"enrollment",931,"8C844341A9E7462C9C91CE08A5DE10C8"
"enrollment",932,"3AE74B9FDE7840F49199225CFA9410C0"
"enrollment",933,"E9FFF86A659241519FD8AEC7074BAF41"
"enrollment",934,"E74C4B73EF6B48799239D5F888B15F1A"
"enrollment",935,"121A29B1F633418DB7AC446462A77E1C"
"enrollment",936,"A05559DD64B34315937D9523C0B39AFA"
"enrollment",937,"939DDBABAB844767A40A69C351A3B171"
"enrollment",938,"BE1357E0F4CE453D990FAFB66AA159FF"
"enrollment",939,"C2E8252CDAE74D91883C10DA9F319FF1"
"enrollment",940,"453F686637914175AA36AB90AA7E8888"
"enrollment",941,"5C56961CF37344649C9294F681D9A9CF"
"enrollment",942,"47ED198F0C024533860837C6C3A44D09"
"enrollment",943,"E6C05F0AE88E4436B8EA9EFBFC2CA5BB"
"enrollment",944,"34FD024C66214BE1AF5C1027F820BC96"
"enrollment",945,"60F5D932AB5648E4AEE67CB237F4C28C"
"enrollment",946,"4BEFC87C47CE4546B1634B51B66306AA"
"enrollment",947,"E16A06D0F97346F1B90C9FC77E9BAA7C"
"enrollment",948,"D5D419B4009A4445914167AB328AC5B1"
"enrollment",949,"B3B145FA055644C1B2875B43E9B4F1D6"
"enrollment",950,"F9D5F06FBC274577830E5A535C3A0CBD"
"enrollment",951,"F87054D1E64C44C3A32205FED137A5E8"
"enrollment",952,"E060DD8E98614120B13ABAA46997D38D"
"enrollment",953,"4B06C084C4AD4E768788DCA3935295D6"
"enrollment",954,"486BE6CA6850446EA1532987DC152B71"
"enrollment",955,"C2E89B07F853425D8C3C7C4FF286C16C"
"enrollment",956,"C3D0BBB123EA4F8C9A958919A65652D4"
"enrollment",957,"4E743BB54F0F42DF87EEAB312E10F165"
"enrollment",958,"E5FEC065B62C4E89A571D15E9B87FD95"
"enrollment",959,"52593323A5C249AFA3EA95D3CDFDEC80"
"enrollment",960,"CE7DF22DD78F46AFA8AF29BCBD478037"
"enrollment",961,"786EBCBFB1EE4AB19DFAEA201A7AB68B"
"enrollment",962,"84627530557A4B70A9DC6336CBF3FC6E"
"enrollment",963,"79F9CE2FCE594723AEAC0B36B59CAA3F"
"enrollment",964,"71A243658CCC4E33905653786DE6812F"
"enrollment",965,"37321D465C8B416CB817D902C9FC0BFF"
"enrollment",966,"42AE9555BF894290941C44649479CB2F"
"enrollment",967,"6825E75A550C43F5890B7A0F6EDB9090"
"enrollment",968,"F378D5077D884671BA053551834EEA69"
"enrollment",969,"4C36045DEDD54450BA93E7E65DE4F2F0"
"enrollment",970,"72F98A12F2034D33B479F7A1CEF48AC8"
"enrollment",971,"903BED0D60F1432D971DF327C51BCF7A"
"enrollment",972,"08E1AC56A49144D888AA828C72B14B67"
"enrollment",973,"22CA36DEB5514941B4E24E4B03937179"
"enrollment",974,"42F56502A879475884F1BF774DCB397E"
"enrollment",975,"8AF05DEEFDFE4958B45918E46DC6D456"
"enrollment",976,"8B2824ABC78A414EAE85152DB3950397"
"enrollment",977,"68BCB9F22BC149FFBE4C4C0EA29A743E"
"enrollment",978,"3E610891A7054EC298775C5EF3B808B6"
"enrollment",979,"CBF4CBEB527C4D55803846CAA8014952"
"enrollment",980,"37D51E583DED40AFA1730D7D06A1AE82"
"enrollment",981,"AB6E2FD52386400096D1D931921B7C0E"
"enrollment",982,"5E417509F4884FBA893686D7FD5AEF2E"
"enrollment",983,"5664F21430034A77AFA927FABD1EA700"
"enrollment",984,"9725F5BBC80344AE89AD2682842C9114"
"enrollment",985,"A4D2CF2CF5B14569B8726519670C5317"
"enrollment",986,"8F67E1828E9245EF8BF6DA0958CED0E5"
"enrollment",987,"26300E36CB4B49D48A4AF9101F71B794"
"enrollment",988,"61D369325D214C2AA962B9BD0B27D0FA"
"enrollment",989,"28E68EBFE0B04A08BDB2CD1B6968E608"
"enrollment",990,"E7378B0651C645D0BEAED95923D01690"
"enrollment",991,"ECB6CF64137D49948C9AE58F02CCECE3"
"enrollment",992,"BC900175A0CF4F1EA99B032EDD69A600"
"enrollment",993,"E3B5E052C51B41D5A27490B2DB8B9B72"
"enrollment",994,"28D3CC1CE5134BD59FA2A1E7766D8EA3"
"enrollment",995,"5292500CB3E54AE4811D33FA617C08B4"
"enrollment",996,"E7051D6EFA6E4A3788B891760B3731EF"
"enrollment",997,"ED58B5EAF49B474789952E44C5E49853"
"enrollment",998,"3281EEB886364D39A99CADCD63456669"
"enrollment",999,"2ADB994D707D4B5891976F894128FFEF"
"enrollment",1000,"A48417C498F84E03AA35EC88C6A36D4E"
"enrollment",1001,"6B298E642F934F06B9A8FD44957AC2DD"
"enrollment",1002,"297DFCD849C546978230BB48349B4B2E"
"enrollment",1003,"F50ACFC4787A4EC8B96D4EE08914032B"
"enrollment",1004,"C40BCCD8F64A4AD59D13D525C7FCC543"
"enrollment",1005,"9A3FE8F248474C808C9E69BE6945AFE7"
"enrollment",1006,"3973BA43625D45AE9F13EE2647E9EBAC"
"enrollment",1007,"5C3A8785E20147D48BE06F258A778FD3"
"enrollment",1008,"C75091EF19644550BEC38A9AFD26D8F0"
"enrollment",1009,"72AA9A2EE7394AF3811F4DBC297B3693"
"enrollment",1010,"9355036B3BB04D88B0DF6161DA64DBCB"
"enrollment",1011,"86BD3CA130DE449CB2E0E06DD6E00B21"
"enrollment",1012,"6E7DA8FAABC44939B67C5A785E39CD82"
"enrollment",1013,"0C339230889E41F3BD8BF5F3F14E0824"
"enrollment",1014,"869A5A05387F4991B6D8B5B99D993275"
"enrollment",1015,"3A1E234D622D4FCAAD48A8E719F2FDD3"
"enrollment",1016,"F3FD0C47598B45B09CE583BFAE071114"
"enrollment",1017,"42CFCEA842E8420C8BA5B1BCE9184985"
"enrollment",1018,"CCA4E6BCBBD54E8A82D6D3DC2DD94774"
"enrollment",1019,"A1AB346941D94244B22FB25BC4F49FCC"
"enrollment",1020,"C55A6BDFE1294655A9659C55D6E97340"
"enrollment",1021,"153AD85E2D6F45DAB46B5ACB67B88A11"
"enrollment",1022,"838BADE77A63470EAA2DE9D8D66AC858"
"enrollment",1023,"A9C858C5D9AE4FB681D9245231F597E0"
"enrollment",1024,"5AE7C23406D34F8099E642484905AA8E"
"enrollment",1025,"6A8487A95B104568941E0D55BE9FD58C"
"enrollment",1026,"3968975157A84C748DDF391DBD5DD994"
"enrollment",1027,"A04AD9662C9940D78B944DE8CCD3653C"
"enrollment",1028,"B57E283A8D1C4E0894D4EBF1575D5F5E"
"enrollment",1029,"F52CC88CEE7C482D96AD0EA7C6ABACE8"
"enrollment",1030,"FE224A22CD774970A8A4B6704CA4EC27"
"enrollment",1031,"A85827A690AF415FACE7B09B42B2C792"
"enrollment",1032,"25436BFF99504E3AB8E405E5D86BABDA"
"enrollment",1033,"2E155D1DBE074BCDB6A7AA2A68C55EE8"
"enrollment",1034,"21FF87F0D76943BEAE255A83CF040CBC"
"enrollment",1035,"7A94DE80A1EB4F9F98AE2D98AC717076"
"enrollment",1036,"D4D5F7EBF11D461A8DF8BA9D769F2E65"
"enrollment",1037,"53578BDD09C84A968606B7D1A006DD49"
"enrollment",1038,"FBC1402E510149D6BBA8B68F59751DF6"
"enrollment",1039,"22DA9EFBA6DE4506A71D6435715F2174"
"enrollment",1040,"E0F72559415846F3B6C6487215480F96"
"enrollment",1041,"E9256139B7604A79BE9B2C6708623D7C"
"enrollment",1042,"54D7FD9418F24ED8ACFA460DA2225CAE"
"enrollment",1043,"00F9D5E17CB440D18752250F50F241D4"
"enrollment",1044,"376AB1903A34438FA00EE4872167E46C"
"enrollment",1045,"A1AE7DBD4C1B4087B855D84528756A4A"
"enrollment",1046,"C8780BBC45A44F4C936C5E2A65B755BE"
"enrollment",1047,"F561D300404447E6A9E47794BBA37E5F"
"enrollment",1048,"7CA02A058CAA4911BEA3891F6CFED64D"
"enrollment",1049,"DF6809C67A4E47AEA8628220E5B351F6"
"enrollment",1050,"667869BEDCD04EF2AEBB53CDE730FF8B"
"enrollment",1051,"7062A008C0504E2EBC275A46C7A58410"
"enrollment",1052,"36FEC4AB2ACA4940B624701863F437BE"
"enrollment",1053,"CB4BA48A19C74F0F946AB268979E336B"
"enrollment",1054,"F58AB3E562F541EF8AB37D9E6DC6E21A"
"enrollment",1055,"06B430B5DCA04AF6BC08A4BFDA9C6BAC"
"enrollment",1056,"E3E2C822823444359B088BFB2638BAB6"
"enrollment",1057,"36D3F3EB83054EC0A1E0EB167928BEA7"
"enrollment",1058,"4D8381CFFDFD4414AEAEB71E32CE41BD"
"enrollment",1059,"3B6CF33569974078AEEF1CAD6C2AB194"
"enrollment",1060,"49D75BC871704014B7482DDB458B2A90"
"enrollment",1061,"497F1051C0E24303B0408107E0F000EC"
"enrollment",1062,"6D675B70323C46839C2EFE74A23D0CBA"
"enrollment",1063,"E0F2C535C28742BB982606BEE02C2BE0"
"enrollment",1064,"5DC49711C3D4444B9471C32B61ADAA84"
"enrollment",1065,"351B0F2F676D4E20A0696E4F1F6017D4"
"enrollment",1066,"F14C94F1E3554646A69280BFFF96EE3A"
"enrollment",1067,"E8EE2899B7E6499A85626935471C432C"
"enrollment",1068,"1ED3A06A98844149BA9CC75DB464803C"
"enrollment",1069,"A315BEA336A145C0AD3DBEFA0B579DFC"
"enrollment",1070,"B3DF8B80D9CF432ABD6062EF860C4204"
"enrollment",1071,"2F95BCCEC2564CC98CFE50665BFC85A9"
"enrollment",1072,"5E0B504DB5DF4AD6941013E68C1E6609"
"enrollment",1073,"420CF6AFC37C4757A395FE7A1A98DBA1"
"enrollment",1074,"2053B770AB4841BD87F675562CA14EFF"
"enrollment",1075,"24151187E9C746478E895FE25C26E9BB"
"enrollment",1076,"F7AC74A81921478BB4BCC0D8344940AE"
"enrollment",1077,"91326A78046A4503BBE06650EE9FD1C3"
"enrollment",1078,"BEB09E335224430FAEE6277C0C512A9A"
"enrollment",1079,"E82D9B3FB5C04896AC0744339D17C5F4"
"enrollment",1080,"A1B906E635734FD69CB81702BBC27D75"
"enrollment",1081,"F7BD048606734C0294D63146FB8AB680"
"enrollment",1082,"2E26B368E1E649DDBC7F24F0BD67A436"
"enrollment",1083,"E51DD1C1A46F4664AFFC1A41AEB0FCF9"
"enrollment",1084,"EB4B7C66611F44F7AD192C0EA32B1F2F"
"enrollment",1085,"82076798DF1C44A78D267699C72D1DB6"
"enrollment",1086,"89CFAE21355543C59012EA6F399F7C69"
"enrollment",1087,"F2709AA9E1474C58894942F0B2CC245D"
"enrollment",1088,"14B42358119E447CA16682871B57D8A1"
"enrollment",1089,"6897AB052D3941E3A65DDE178F9DB9D8"
"enrollment",1090,"F5872C288B0A43A3B7EE91AC8F5E90A5"
"enrollment",1091,"1DBE28DABB574720A91C9A54F02EC9E8"
"enrollment",1092,"E234098819AE41A4B1775A04DE733411"
"enrollment",1093,"5B2C324D45A843438CA4FD5E46D25520"
"enrollment",1094,"A2A6DD5565CB49E59C11C7523FA8B760"
"enrollment",1095,"CEFE8A2934AA410FAE743C523E4E3647"
"enrollment",1096,"DC0A3F7892574618B331F93E87B4108C"
"enrollment",1097,"6574FA35BDF34290837DEDB60C3BA82F"
"enrollment",1098,"8BC4F4AA9A1D4980A4E12AE731D3F181"
"enrollment",1099,"EF4E6850168F41809E9280168F5DAA08"
"enrollment",1100,"9598528A6881455083A8B63813B8E28F"
"enrollment",1101,"AE45740B54A14F7198813825C278800A"
"enrollment",1102,"8E3EBFB82DDD4A59BE48419AA3B99ADC"
"enrollment",1103,"E735AD93F8D446C993CB9C097BC4EBD5"
"enrollment",1104,"9111ECBF6A9F4EA58E98A0152413CC6C"
"enrollment",1105,"5AA00542041241D1878BF14CE29BC7A2"
"enrollment",1106,"9011D499B68B44CABFF8E34D365CECEB"
"enrollment",1107,"906E673BAA244029A328B3E6C49BCF18"
"enrollment",1108,"CAA82376ABC24FD198D7AA26748C3849"
"enrollment",1109,"31FD0F6A6105493F81A5AA19A472F73B"
"enrollment",1110,"B871ADEEC2EB4935923555F3F5D6F3CD"
"enrollment",1111,"04D71D0B930849C4B28019A44E8B4337"
"enrollment",1112,"F2690CBF8EFB43CF829A0C4676BF18C2"
"enrollment",1113,"A70233DDCFE14EFFAB81226748C1DC2E"
"enrollment",1114,"8483B4216A1B435BA4F0C9FD18C576A0"
"enrollment",1115,"0A1374BCC8184BDC85BA62F026B7E5C4"
"enrollment",1116,"22857A58448E4D419764A222B2563865"
"enrollment",1117,"8614FF7836EE4465AA969F0FB93D42A6"
"enrollment",1118,"8C4887BE8BF340E4AC2EB6C257C6337B"
"enrollment",1119,"D1B52D2BA3B54A579FF99EBFD4B9FA39"
"enrollment",1120,"D7D8E3CF924A43119ED72703B145F932"
"enrollment",1121,"AEF4868811D74B3096178E33F833245B"
"enrollment",1122,"F2BE764864B241F9965E544C5CDC664A"
"enrollment",1123,"B4C53A319103467699B0C80DAAE793B5"
"enrollment",1124,"F13CBDF072B5464A85C04431A2C0313E"
"enrollment",1125,"9E7944C136AA4F38B0D27EFD3A7B849D"
"enrollment",1126,"FD2BE23000DA44B3B70C65E0448D5F34"
"enrollment",1127,"3890761452714D0C94DCED9DB45A2A81"
"enrollment",1128,"4DB75C1FE56F45BDAAC7B13E4F893B29"
"enrollment",1129,"CE53E3B801A1417F8DFB98842CB7835C"
"enrollment",1130,"296ECDC9457F4738B174B1EB33D5318C"
"enrollment",1131,"685932062A6F415F9F24A0A76AAC1210"
"enrollment",1132,"DBA4A4030CC24B8D9CC8A723CDA1B13E"
"enrollment",1133,"1BE81FC6CEAF4D30847427E4AD937253"
"enrollment",1134,"A2976EB154B44460A03257F7E92F3C55"
"enrollment",1135,"2F3E1C45FC3C453595FFCE16D914DA00"
"enrollment",1136,"012E3F9BE9C149978EEC492F505CE91A"
"enrollment",1137,"386A4FECA36845708AA951A62D841E6C"
"enrollment",1138,"6F519927459242C795B28B3B544A16CC"
"enrollment",1139,"779EE9BCCFC346138F7AE3F275401A7F"
"enrollment",1140,"07390EF0B8744063BE7ED6022C233585"
"enrollment",1141,"11E749AF1C8B411AABD15DA93E2EEAAD"
"enrollment",1142,"544CF41A49474C9CB27B2D2F0C059F7E"
"enrollment",1143,"0B2C9A5D4C8547A3B0C436F784E4884C"
"enrollment",1144,"69F20F381F0442C2B9ECCF18C24AC268"
"enrollment",1145,"6CD61E6F70A947A2A0A14D4373AC48C0"
"enrollment",1146,"A4170D55D5C6440DA3CBD71D3F804ED2"
"enrollment",1147,"66786573EAD842BB921563C2BC0BF9E9"
"enrollment",1148,"9A2D669E7E9A4202BFF6AABDE0471442"
"enrollment",1149,"064780C2F0074BCA979E2D52B6861CBD"
"enrollment",1150,"E2AF9F9C97C5465889A932F231CA447A"
"enrollment",1151,"3A861975852D49928B51B63131F52E82"
"enrollment",1152,"A4743BAB5E1843E5BAF61B4FF7C04F0D"
"enrollment",1153,"DEA23341E6DE43BABF83874DB62379E2"
"enrollment",1154,"D7C1406076B941E38AADEC6DBDF94CAF"
"enrollment",1155,"87214D03685F4DF6B56D9D041FC1C903"
"enrollment",1156,"6D962B79A748477F93A40D47A93C57D0"
"enrollment",1157,"3D1B2D7F5136493E9B73C437984AA11E"
"enrollment",1158,"F7F7917B54E248A484C87D4D414D321F"
"enrollment",1159,"CF94F55E06954179BC5C777DD1EE7F34"
"enrollment",1160,"D110DB587F7844F4B9FC1C79F66B3246"
"enrollment",1161,"3059FF1D00804C6EA14E410FE3E71A49"
"enrollment",1162,"DFF29F9D0DE24D8BAD25FDCA33607617"
"enrollment",1163,"9D77A74BD62D40058AC9DA99E594953F"
"enrollment",1164,"230AF8933A484BE08A65B6A6F088673D"
"enrollment",1165,"5A55F066319041E8A81FB29221B2F65E"
"enrollment",1166,"3972135CA8884E049FA057134BE355CE"
"enrollment",1167,"B9632A587C8E4153AFA57BC8A00E4687"
"enrollment",1168,"BEBC66D1A14141EE811F130FBA48EE31"
"enrollment",1169,"4BC5BAAD07924D31B1B1ACAF226B9CF3"
"enrollment",1170,"BCE369B1C3694C80A3FE07833387ABE3"
"enrollment",1171,"E84E09724E2246B3930D1AA5781A0B39"
"enrollment",1172,"73CCC2998F36483BA2658891CA80F76C"
"enrollment",1173,"7B08249EECFD4AE98F22AEAA8502A01D"
"enrollment",1174,"24109C2D2E9749E8875E679D5FDDEF5A"
"enrollment",1175,"154FC3CE9B1F4345B159257B849CA17A"
"enrollment",1176,"87482FAE688E436D87A5418185FD52FD"
"enrollment",1177,"E2AD66BD67294D2C9FBEEB622B5A8DD4"
"enrollment",1178,"2E3564831F914343B52D11F3E3923458"
"enrollment",1179,"6EC6886780754D4BB65FC03F9F0D7A17"
"enrollment",1180,"B3F29F15EAB949888C9432E74D4D5FC7"
"enrollment",1181,"09CE88C7EC8E4C0FBDAB122CC69BB3CF"
"enrollment",1182,"4B5E70E64B914FC1B28025EE4A8D3808"
"enrollment",1183,"D9EFFF1DC73D454AABEC94B8348EBA5D"
"enrollment",1184,"065B4D7429E246ED90DADA398111ABD6"
"enrollment",1185,"63974BFB340D4609B5FB9332754D58C7"
"enrollment",1186,"1F55BE68C07F4D2EBEAFBB3D0D4D8A0E"
"enrollment",1187,"FDB454C5AB3744CAAEC051984B83BBFF"
"school",291413,"EF8850D522E54688B036B08F9C4C1312"
"school",305388,"319A1EB974B740D3B31F29BC6715DBA9"
"school",548362,"515323D7591F44ADB4E3F0CBF67F8068"
"school",1544853,"28072D38619D48A488AA442F50D587B1"
"school",4159059,"CB0F66C5627747E3BAA9FD0F0E760A61"
"student",7136106,"42D75AC4F4114B92AE0A0E56BB4A542B"
"student",7136478,"F4131E4535024D369C438A75B1679D69"
"student",7136665,"6773CAC1299749DB89E93733EB3AE961"
"student",7136851,"6D442573809840A4A08C08FBD093A487"
"student",7137037,"8FCD9EF248504CD3A17E9A3E7084E7F8"
"student",7137410,"04F7D892D5EA497EB270B31DAACB8AEA"
"student",7138342,"2976BB052DE346EDA35D83DFC8E2BA14"
"student",7138528,"0475DBEC84FD4CC781DAC98F9F22F4FE"
"student",7139087,"9E9F1058AF094547BA584BD6F04AD115"
"student",7139273,"469E3ACBA50A4B7786327C8FE4919A91"
"student",7139646,"B69DA0A161264E1390B41344214205B5"
"student",7140391,"1A1EA03E0D8F47D28D59B02DECEB9C19"
"student",7140764,"D676D3FA26334AEC95166E97367ADAA6"
"student",7141323,"4D3C9B2E5BD64DD7B16F8075439A37A9"
"student",7141696,"A6703912C9054CB783B9E2386F2FD767"
"student",7141882,"BCA16C1245564AEB9F365E14FEA0F9A1"
"student",7142255,"B694CEF8BC504A6C812C995231F5B01B"
"student",7142627,"8A0B653D81C54547948D101C061C3950"
"student",7143559,"E84AD9E1EA5248A08CC959F60FBB4336"
"student",7143745,"E11063604EFC4BE1BDBDE12BD4EC8152"
"student",7144118,"E3E337B31BC04DEA93C97FE79952566A"
"student",7144491,"2A731C47798840A89842F93FE07DCD8A"
"student",7144863,"A670C881E9E04D5CB10C2B41F496D5B0"
"student",7145236,"7295150509CC4722B506CA9789A1D8B0"
"student",7146168,"7C5D1E120C4B4BFBB37F596201989372"
"student",7146354,"7BBEEEBE11BA4410ACA914BA5ED3B05F"
"student",7146727,"6BB98ACE1C694E7ABB31B7F6CDDD3E2D"
"student",7147099,"EE57CFA92F624E47B26CFFEDA14D150F"
"student",7147658,"9A66B9A440D34A54AFBDC1FF77D8FE23"
"student",7147845,"03040BA5BF9C4945B8F4F74E3FF1AC04"
"student",7148217,"3E4B80D6A2F44F8DA6C8297FDFF4398B"
"student",7148590,"8DCD445359934DCBA383B857DBCD6300"
"student",7148963,"EBDBEF2B34EA49E9B93A0B75AA197C01"
"student",7149335,"EC33D9EE6D9D4599AE0BA483AC666742"
"student",7149708,"98A4F3A3BEF04CA28E4BA0CE1624B783"
"student",7150080,"072CC66831964C35A28E5FD83539C9CA"
"student",7150453,"0CF02BBE25884C60B648A55EC823E3D1"
"student",7150639,"1B77FEA8265B4EB3B103BE931CC48346"
"student",7150826,"DBD772E4628F41DBB837C1B08B903DA9"
"student",7151012,"FBBFBD46CCF9433099CD3706BFB9D753"
"student",7151385,"13B5ED9D8BD44587AE878D12A722C4CC"
"student",7152130,"E85BA3A9007B4BA3ADC97EC1C4C286FC"
"student",7152316,"1D79A618FAFC4DFC884B2C5A0141DCDF"
"student",7152503,"1D160DA8DDC643CC8EC0E28A253644A4"
"student",7152689,"56E57EDB719F4FBBA92F6F16A612900E"
"student",7152875,"B257258C46B4453B9F01A41FD3807FB2"
"student",7153807,"0F7FCEED29B5472F9C8A477F9B2CEBAA"
"student",7154180,"B3F66E7C37E74AC4AACBE67495FB9EDC"
"student",7154366,"8E31F9E5FEBA456B840F125197323B81"
"student",7154552,"250148E2002640AB823A702FE11F030D"
"student",7154739,"813456115EDC4DCEABE2B8CD7828182C"
"student",7155298,"4C7D740DDA9847F482A12082E5C13FC0"
"student",7156043,"784B6C4E03A0440DAAFB19BA422BCBA9"
"student",7156602,"28B355D2006F41EB93D864C675D0CD5A"
"student",7156788,"60BF29D7A033469AB8F5DDF57689146A"
"student",7157720,"FC8E373D9A594AFEBB3CBB487965C2AF"
"student",7158279,"79748D3238824310AB56496C9D7EBDEE"
"student",7158652,"17D97486D46940559218275123F43563"
"student",7158838,"3ED2E5CF2E2944578828C89719968369"
"student",7159024,"7A50FDABBE344B84A084E6B0F2BE5E3C"
"student",7159397,"2E5C3ADD83F04EDFABB0F69214342A7A"
"student",7159583,"1ADBDD23039949E49B33A38569DE82E2"
"student",7159770,"BD4E50FF18AB4125888B7943AB165E70"
"student",7160142,"FE49548814C345519E02B777FAA715A4"
"student",7160701,"95968475C56A4050A837AFE779067231"
"student",7161074,"15B20C70145D461AA6B233A99B4119A7"
"student",7161260,"1844C85D5D7C412BA6E6F09D0D8444E2"
"student",7162006,"FDDD872D4FF6425E90116EDD0B1135C7"
"student",7162192,"91B92B931654446784AF47FB9CE0E68E"
"student",7162565,"D3FAF7F524A84EE09AB0B91D1F0A9AC9"
"student",7162751,"C50AD2F1BF184F90A8B4AD3CAEB1DFFA"
"student",7163496,"F0B585CDE37441E4B88EC248DBABE31F"
"student",7163869,"D6BF364803394E28B5D070AA8445FE3C"
"student",7164055,"3C81AAB7E00D48DEB40CF8E520C0CF73"
"student",7164242,"5457CA709D9B4400AFCD5C8429E38B2D"
"student",7164801,"29FC279CFF8942519E6E63EC25A1A62B"
"student",7165546,"BDF8AD72DD3E476E97E9483451C9D46D"
"student",7165732,"B43A1DACC8344B4A9D5AEA38A7165165"
"student",7166105,"0BD1FDBE0B3948D5AE9277F35F586191"
"student",7166664,"2C75E09A9B304871852DBABFA8BA53A1"
"student",7167036,"C5B78B406D8E4162A7425CEBF20646DE"
"student",7167409,"A90209B5332F4EA6B5809AAEAD02476A"
"student",7167782,"0B75720CEB374E12B6D8A704777E5556"
"student",7167968,"088A8BF9B9D34EBB8569FC822ED6515E"
"student",7168154,"9C72C847A72D4AFE9ADCF7AC2B17168C"
"student",7168527,"63615B9E2FAF482A9915CE684449CF31"
"student",7168713,"B50370927AB84183A0F3A60950FCD667"
"student",7168900,"AAAC113638914204853327EDAD0B4D06"
"student",7169272,"EF8EF14C4B0A408C8B4DB28A0063848B"
"student",7169459,"CE2AC5008F8B40518C799FA22909C19C"
"student",7170018,"DEAAE7EEFC1E470B9B25E8C76FE55E4A"
"student",7170204,"2428C387289E4F2C8586804D8A37A069"
"student",7170390,"811643BC0FBD45EFBBAA0227A30DDC16"
"student",7170577,"20363941216848DFAD52109386A92790"
"student",7170763,"6611BEDBAB7347BBAAD2FD3745CCF895"
"student",7170949,"5DE3E4417AAF4983B6D6040DB5995C2C"
"student",7171136,"1A31DB35A6A641F9BCE50E497F83FE93"
"student",7171322,"8A3B42BCAAE14403AB6FA1CC5126294F"
"student",7171508,"0AD9DEEA874640F8A19608DA95483242"
"student",7171695,"F7637BE8E006470C9DC5B1411FAFECAC"
"student",7171881,"AF323AC2EF414645995D169631C6B242"
"student",7172067,"2E959F1B761B48AC9EEFA132F41BAB2D"
"student",7172254,"906E1A3A26814053ACF4A0775B24A4E5"
"student",7172440,"353FE79BFE8D48F49E8F2C380925EBCA"
"student",7172626,"1C3FDCE11503416A96B774BBCDB85607"
"student",7172813,"A111EA61FF8B4C4CB3B5469A05021490"
"student",7172999,"4C4472E85C7246C7B3D80A1D2CB65F3A"
"student",7173185,"E70F6D4A66974665ABC3547A714A8C9C"
"student",7173372,"7B9824D593DB418D9F6C5A58A3DC4057"
"student",7173558,"CCCBAED50B2D49EE9013A84CFCDD4B7F"
"student",7173744,"58C53476AE4C4ADF99ED5148B06F522A"
"student",7173931,"CF9B13355E174367971C07F7C215EDA3"
"student",7174117,"0A52BFEDFA03431DB2D06C817B6469DB"
"student",7174303,"FF5E11F56AE945D4BCC2434BC68B65DB"
"student",7174490,"ED994452E50E49F1A6D69C4B70DC66A6"
"student",7174676,"7C4E284BE9FB4FC0B3D25380B386C363"
"student",7174862,"51D2E0337264412DA7E6469E6B356431"
"student",7175049,"C5BBDFA6FAEE4A8A90CD50F5044F1E74"
"student",7175235,"962EC41CC91C457D899659AC48DE5A49"
"student",7175421,"FA61CFD8941741C09976DC5250EC6444"
"student",7175608,"78B6BFE0D8F241D4BFD212BBD6E66FFB"
"student",7175794,"7BB83AC4826349859F1D630E7808A768"
"student",7175980,"F22230187C6B4596BD2C3B94F59734F8"
"student",7176167,"2CF6FE99DFEC415F87E10BC73E812707"
"student",7176353,"13F28A96EAB24CF7B19D8ECCC13F02F5"
"student",7176539,"1A29EC20864448BF8B98A684724CA29D"
"student",7176726,"34D7E3A2C4D8455098AE73752B27E17F"
"student",7176912,"2FE40388F54B45EFAFE5A545376FE489"
"student",7177098,"1B72CC61625F47AFBE2E8578C9124E12"
"student",7177285,"E3B9AD7A371844239ECC78903357AFEE"
"student",7177471,"B7E92C5409014268B8C6C682AE671BF0"
"student",7177657,"CFC4B4CADB2B490C91778654E4075C38"
"student",7177844,"6B2AC4D47AF843118A8C843A84CE74CA"
"student",7178030,"BC631223FF4A40C1A411BBD87EF33595"
"student",7178216,"E75F6F7A6AB24A5CB90ED7E96C57D4B2"
"student",7178403,"4D175DA7F5364F878EAB1E169E4D7D65"
"student",7178589,"98222349794F43A39392262E9875E9DF"
"student",7178775,"CC627395012346A6A9A8B23F3F848E3D"
"student",7178962,"A4A250F836FA45299E4A32F3DBC9F170"
"student",7179148,"422679C3D97348FEAA1B3E1F6A65A50B"
"student",7179334,"CE2CA211538B4B37927A13E55A597906"
"student",7179521,"F9885BB6C1A64BE3BEE1668B5BD58FD2"
"student",7179707,"99AAB33FA4F7449498C2E99829276DA1"
"student",7179893,"E0522FDCD73543B09ED899DAB2511739"
"student",7180080,"AD68E91C0C344ED7B8CB6E3BAEEBE437"
"student",7180266,"D96E6C38E4B849B0A747570053842A42"
"student",7180452,"C1FBD1F5E5D44F9998FA2F2D68E824C0"
"student",7180639,"C4F4D3BB4C1D4093AB1C79C3F791627A"
"student",7180825,"E6F6A290C80C4736828CF3882041B24D"
"student",7181011,"4C18E98CA05D4F2C9CF1536335D292F1"
"student",7181198,"94F7D7ACCA7649C0A32DB5007CB77985"
"student",7181384,"9EA5D6485C5744FCAE3F135313E4674C"
"student",7181570,"311D57E9F3BB43DFBE399D88E72F7FD3"
"student",7181757,"F78C0CC3B3FD40BC9B309EB8FA06379F"
"student",7181943,"146E0012FDCB44268AC4CD0AA865F468"
"student",7182129,"60C421E66D984135ABADC1A32594AAA8"
"student",7182316,"72B4742FB5064D608DD096C6145F982C"
"student",7182502,"4613BAC61FB94D989413B29AEAA3D856"
"student",7182688,"D58A3A4A16AD4B5BAFF8B0BF0B5C3D0A"
"student",7182875,"C7BC7671074D40AD905E1FADC07D3341"
"student",7183061,"B7634FFC756E4F35BDB92E5E5F21C9F8"
"student",7183247,"73FCB9683B4046EEADD6F06E1C66650A"
"student",7183434,"BF1974C93E5345C3A18C83D83BFA3CC2"
"student",7183620,"45FA88AD43F242C1ADC358AE5B7AD80A"
"student",7183806,"8E6947BC0EC84E3398BECA7FDB3276AF"
"student",7183992,"9AC22A75B7E3476296C8264AAD4917CF"
"student",7184179,"DD1C2242AC9C44818397C89F82D7330B"
"student",7184365,"CB17AED8D2DE4E868FB3FCB1A619B4B0"
"student",7184551,"D05EEA06D4FB4AE792A9FD5FCB9C9DF5"
"student",7184738,"2F7AA0B6DEF5466FBC57F89BE35F2C5C"
"student",7184924,"99A99B561C684493AE057DAEF30DE822"
"student",7185110,"4332F9C242144747927CE88479B29FD5"
"student",7185297,"736957365ABC4F0392D35E12584C3476"
"student",7185483,"EB00ED511306489E89A141AC4D265809"
"student",7185669,"E46AEF8C80F3415D89E522D53439CFD7"
"student",7185856,"D368E9A4D12A4652856DD64F2F5D9D1D"
"student",7186042,"147EACF55B294F6A8E1648FF4A0BD156"
"student",7186228,"75686ACECFE643E693E71DF534B163E6"
"student",7186415,"AA372DC2C99D436D81E02DE8CA63B810"
"student",7186601,"CCD782B573D04B05A896661B2AA44C83"
"student",7186787,"6853A2D15DCC4D30AE6B754E4639D40E"
"student",7186974,"115BE5DC2E6F4FAF950DCEC29D9DC255"
"student",7187160,"0B9D7C59DDEE4394A79C29F7FA76764B"
"student",7187346,"4D2CA6D3AE6049508101F584566B8246"
"student",7187533,"733BDD47C41240C78034E392A976A588"
"student",7187719,"86FA694979A94A06BD925321B4276FD7"
"student",7187905,"65ACF96D667049C48FB1BA48EEEC85E5"
"student",7188092,"C7BC6F0643234DB78E1DF2A6745F233E"
"student",7188278,"B209FA367F8C4543BEB27BE457768804"
"student",7188464,"90B4CC9D665D4542906920B78F67910F"
"student",7188651,"4063ECF019AA4CF8BCDBA53845B58B78"
"student",7188837,"2246A5FF23D04AA1A8DB0CEB06D3A558"
"student",7189023,"6257C570E5FC48349C576960D825DB1F"
"student",7189210,"BAEACF4ED76D42FA87035995B0C12CD3"
"student",7189396,"529FB15A202D4A6DB77779F87FC5477F"
"student",7189582,"1F900EDC35684130B0D194A480663EF9"
"student",7190141,"839F8D3D43A14AAFB59E05A8704C22B1"
"student",7190328,"E5B06CBF92BE418E8A01B48F1A931456"
"student",7190514,"B8A56A67F7394C4FBD4F8C3CC61F72ED"
"student",7190700,"681A928969A244AE8E4D5883FB6B8388"
"student",7190887,"912F1AB98BFB47DDA4E98FADE2D7FCD8"
"student",7191073,"34617915B4DA41AB820984D4DE7FE6B7"
"student",7191259,"AE88EF39D3D943E7971955B1881FD668"
"student",7191446,"7409CF309E4141F491577A56A1632502"
"student",7191632,"D07D4066E717481A8BB7AA8851E34FD8"
"student",7191818,"CA548190F0124D828877898D5C0CF4D7"
"student",7192005,"F8069010398147438DA1182C88BE12D6"
"student",7192191,"41749EAC447C493A98655183EF31DB70"
"student",7192377,"4B785D9088C948CEADF1048CB8D16446"
"student",7192564,"A11B90FF0CA148C5A71E84CA9C33F7B4"
"student",7192750,"BA34E32B6B7B4F99B2992ABC836EA549"
"student",7192936,"6CE1B294F40848FAAFCCCAFC3767ABEF"
"student",7193123,"02D025A954BD48CC87DF46AA255D0744"
"student",7193309,"7D1B7E52B5CA4F96A171EF9ED8C512BB"
"student",7193495,"074A949520F04936BD2EFCBCD218E9AC"
"student",7193682,"37D414A7CE82489094E51129959FA2A7"
"student",7193868,"C761D8308C9445A2B438A8AADACB3405"
"student",7194054,"3E9AF6F9419E41A0B26F3EF5B6FEC3EF"
"student",7194241,"C072A8401D45411BA101D7761EE2DC57"
"student",7194427,"28113184D5324D7FA6A6C7C6E81447B8"
"student",7194613,"2A5C7CC3755B482D8A9EACF93ED64BC2"
"student",7194800,"6683A312AC2B4FDAA643D1041C234532"
"student",7194986,"C39EB3C23DCA495282A8F5EB91C4221D"
"student",7195172,"93E1784282514F4188A9CBABB8348420"
"student",7195359,"99ED40A1CC404160965DCED4FB172452"
"student",7195545,"B060ACA3E9A64C00AD7EEF1A333E126E"
"student",7195731,"9C259A1E82404D05B75886CC7F99D290"
"student",7195918,"9030841D1A674F329D170C4EC730B7AE"
"student",7196104,"D2929588F5974587BE9653FD5998ADD1"
"student",7196290,"57BFA024F2994BB38A7D340BCBA7B000"
"student",7196477,"8FE75A6C83634E57BA863A356998CD8B"
"student",7196663,"F183FC96D4C54D7FB3E02CAC65955FB5"
"student",7196849,"97F93235F87D4F9482F85DCF7CB83844"
"student",7197036,"F877E5F62FC54D198409A73130DB7141"
"student",7197222,"11286830E6F7470E8D74ED3FF4407166"
"student",7197408,"A076D9245B364DFC9F2A2A3DBD673D37"
"student",7197595,"9009048D490B4A9C883365F02533FB2B"
"student",7197781,"30DB4CCD72164F908E2AF93132254E61"
"student",7197967,"2C5D9E55B8064E9BA3CA0B2922B24395"
"student",7198154,"CB618B709B1D4AC88932C8991A939700"
"student",7198340,"BB446E9706B645F999029BB7BE977464"
"student",7198526,"047850A14DAA4601B241542175C8E319"
"student",7198713,"E9BB8581F0164D13A3C7958379BACA80"
"student",7198899,"95DAFF6B220D412E9556097EB5927753"
"student",7199085,"0FD0E019D94145208C2FF3C3315A2AD2"
"student",7199272,"45A3B8E7BA7A45AFA92265FCD346C198"
"student",7199458,"D235A2F60F1D409EBE945F57F4B90E61"
"student",7199644,"B83C08A9D5B04E8580A474F1800007B7"
"student",7199831,"764A7CF36E054CD480DE415F2CBEDC5D"
"student",7200017,"7F7B6712F1CF4DE3AC93BE0380C4B2A7"
"student",7200203,"920DD25B9FEB4D808FBC62DFAF771D2F"
"student",7200390,"AE8E17F133AD4BB49F2B0AAEF37C67D1"
"student",7200576,"7696686D05344CFBA9E037519DCE665C"
"student",7200762,"AEB3912948FA4E34A47480FEC88EE3A9"
"student",7200949,"5370AB0829134B5F8BD42793597F4148"
"student",7201135,"AAE70D1F02964CE7803CE5A8F3ADE39F"
"student",7201321,"AEDD649AF56E4B63A9C2C71133D3B8A5"
"student",7201507,"F1DC8968E8574221B6BDA78FDA87E38E"
"student",7201694,"ADBA9120DE6441DDBA4EC76EE6A6FB65"
"student",7201880,"1398CB4BC4984818821A7E1BDDAE3CE4"
"student",7202066,"C24C17003D4B44DEBF5D554F3F94879F"
"student",7202253,"491441C238264F2E8C99F60FEF60909B"
"student",7202439,"8CE6704778684B92A7DA6B829998F063"
"student",7202625,"4B42DCA8F5D14071B22FE59D4F81CA1E"
"student",7202812,"332FDF7718AE4E7BA5CDDA12E0306971"
"student",7202998,"96D00DB29E144BA9878E9167319AFDEF"
"student",7203184,"0E6E034C9DAA4CF9AEE87149D2F60D37"
"student",7203371,"3DA7169591FB41B89EE8F43104AD98EE"
"student",7203557,"6FB757CA9FA547929647E089235BA639"
"student",7203743,"70D2CBAC194D491CB01D635A4EBC0C2A"
"student",7203930,"4999D8FE2CAC4401A11C03961DA03EBE"
"student",7204116,"F71F6C3AF8244A1DA71D1A380E89F786"
"student",7204302,"10C3CAB7D2CA4A738F058D667C49338A"
"student",7204489,"6580A7E6D69F40FC85BADF09CC88D33C"
"student",7204675,"D980F7E2B8844AC2A113D7A79252169D"
"student",7204861,"C6A33D239D4C419A8CAF653CB2C888B1"
"student",7205048,"714DFC8490DE4D808421EA52C32C120A"
"student",7205234,"0C0BB4675D944A82AB629E51B8719016"
"student",7205420,"2B4F984938B743848398201055C5B299"
"student",7205607,"6BA9196F41364914AF23DE2DAC727B8F"
"student",7205793,"E732CD9258234290BDAB7E272CBDEED8"
"student",7205979,"B5EA80D809E84EE98CE07DB06E3A14B1"
"student",7206166,"A0E65362BF6248C0A2AF1C7950A43A56"
"student",7206352,"6079AF0611644A6388667A73EA804E51"
"student",7206538,"AE6B04AB973D49779AFDCB8B5C8B4D04"
"student",7206725,"0F2050ED3FDC4C1B953F3D15F77A683C"
"student",7206911,"0A8EC85C57F0459B99A724489E84BE40"
"student",7207097,"B24CA053C49C489A84FDC970471C3437"
"student",7207284,"03B7C16343184397B26C531001643A75"
"student",7207470,"52AF66C0F0D24D949409334A27FB8B9A"
"student",7207656,"AA73570F586A4A65B9A177A4E6D60EB7"
"student",7207843,"04ADCC5D8A9540009F6E2D7100236692"
"student",7208029,"2C686AC0990145319D7B534D469590E0"
"student",7208215,"277D9A2689E64BA086FDCA46304AD373"
"student",7208402,"F3D8FCE4DDBE4B7887B28EEE6554C560"
"student",7208588,"9A2DFB500F544D1F9B6377FE05BC04FD"
"student",7208774,"EBA5D0EE22784DA8B125C18AC61AF4D2"
"student",7208961,"38DBFD29ACDE424A80E18A0EC2A73460"
"student",7209147,"01C1E813B7B14B44A6008087EA1B31F6"
"student",7209333,"70DE6B289AD945248714BD6D3A0BF945"
"student",7209520,"F4A73CD80102497F8580388DA84ADD0B"
"student",7209706,"81A5221421BD4DCFBD51024DBC0B371D"
"student",7209892,"FDFA65C382CB41FDB6A9CB7F0A4A5C94"
"student",7210079,"846F2EF82E2540F29F7936AFD0B20212"
"student",7210265,"483BB5DCB39D447B8244A36CCE89ED46"
"student",7210451,"9F3EF47BA6444475B941163D6D261AA2"
"student",7210638,"131AB1F3D7C742E9BC57BCDC1F6B0217"
"student",7210824,"F02B08098F7C49AE87199AD7C9F51D82"
"student",7211010,"9A1EEEF0DCE147AA8D0EDAF5AD8618F8"
"student",7211197,"26E1AB5F53E74ADA90DCDFBB02DE8AD4"
"student",7211383,"2E5D353838514C039DDD882E07E0E4D6"
"student",7211569,"B07896DAFD8A400A8042871BAFB0E578"
"student",7211756,"4C2624529F2149BF8AD6F98AA35B06F2"
"student",7211942,"F97ACEF2002343CA940ACEE64B8FEDB8"
"student",7212128,"146D25C1044B489C85749645D73121C7"
"student",7212315,"6B72ABDE49AF43A2BB240704F9A9BB09"
"student",7212501,"4E29D358EA164131AD09F66423DB3DEB"
"student",7212687,"401BE0AD1CF84C2D9B43F194F7CE4FE6"
"student",7212874,"3930AEA257BF450596B83A9DAF95756C"
"student",7213060,"41929059580C442DBF69550F53A607B4"
"student",7213246,"81412C05431745A9B00B8ED6DB188EE5"
"student",7213433,"A43779CFE5B14D37A1F85F01C2C768CD"
"student",7213619,"D3AF7478A4A84D7DBCC4019FD8C5283A"
"student",7213805,"E86762CC4DCD4E069291616031B2025C"
"student",7213992,"4E20BF2D58E243348950AE4A733916F1"
"student",7214178,"3755E91A7A984310B7A6F8CE72B8E810"
"student",7214364,"716AAACCAAF74DCC86162D6E522994D4"
"student",7214551,"8672E04B29054A78A8169DCBB0DAC937"
"student",7214737,"F62984513CC34AD9A0FE505BEA96DF2C"
"student",7214923,"A87A65A6236443BB95A23A95C651E625"
"student",7215110,"DE78D19BF9C84653ABFC83D013818336"
"student",7215296,"4753CAF7C6824583BE99E6976CC5728E"
"student",7215482,"C56A95A809134034967FBC3B750C1F03"
"student",7215855,"44CE31ECC4C84EAA99A7C15923B50CBB"
"student",7216041,"190D2203223047B4BA1128C4B898683C"
"student",7216228,"10084FB4853342A796672753136A35F8"
"student",7216414,"F7A0B7D761004D1C8FDDAD129C8680A2"
"student",7216600,"26A89903E9584A2A8C1DB2CBEC1B8129"
"student",7216787,"E3E647CBBD844348AD2B053D2B087A2F"
"student",7216973,"EA1AEA532C7F4257A42E7C25CABE1B52"
"student",7217159,"EFF6075C434F42F38C0BC0C66651B659"
"student",7217346,"1AA295D3BC5146FA9058BB62FB6CC602"
"student",7217532,"0779980F880A4FDBB056B306AE312F6B"
"student",7217718,"65C6117001424CC986E34A61255EF77D"
"student",7217905,"A2C30D7F10384A23AA4CE4DAAF41F232"
"student",7218091,"D4E4D8D74F79412E8968B3E46300319C"
"student",7218277,"9519B771BE194132BBD28F92C531653A"
"student",7218463,"B7ECACEFCE124DA6B0F75978B8302EEF"
"student",7218650,"3000335459B54BD39C001ACF00C40146"
"student",7218836,"778DC86D6350460395AF443AFCA043B3"
"student",7219022,"E8A1BAC4C86F4343912650F4C6742C42"
"student",7219209,"47829D61DEBA47C4A60C70568430187B"
"student",7219395,"643C4A5C49F648A5AAC276CEE7ECC204"
"student",7219581,"CB4B21E83B81496BAF85BB3E3F2AE304"
"student",7219768,"EC0BD7C1D4A74F3CBE17E87468095276"
"student",7219954,"9B48A5B975CE468D9B5B1FAFC69E1CBC"
"student",7220140,"8BDC0539E1674C1DA14C284029A70F33"
"student",7220327,"EB92ED03A14E481FBE8A3CD48EED46BD"
"student",7220513,"564F72F7C2C543BF976DA79D66787807"
"student",7220699,"FD0A8F1E4D4E42E2B10EE73B26FBA6D5"
"student",7220886,"A04214AA920F4A5A9E1D32EBAC06C000"
"student",7221072,"80CAA13FA4DD4B7C859A3352DDD5812F"
"student",7221258,"77BA410094A941A7B6DBE9037220B238"
"student",7221445,"BE8FE33257B84017945AA98FBD729564"
"student",7221631,"9F95CD11392F4356B821A8407C4743D4"
"student",7221817,"158D217448BC41238A3636376B7AB50B"
"student",7222004,"CD6C6A99C83947A89CB5DFF5DDA897C8"
"student",7222190,"5137A079DB174B60933670A4A25ACEE4"
"student",7222376,"A4315B5729C14322860F864DB30E78E8"
"student",7222563,"F620A71F9C95481A8331088F838028A9"
"student",7222749,"F6E3BE7B18EA4A6EB2AB16AD4AD554AB"
"student",7222935,"379462E07BD64A8494CF90A77CD169A0"
"student",7223122,"4C15C5B4F60549EEAB5673E7495A4233"
"student",7223308,"EB92363E30B743EC8B05915769C5D588"
"student",7223494,"8648ECE428CC492D8A6D999EC41F413E"
"student",7223681,"235A3118494C41F99D7FB0CF43F7AC2C"
"student",7223867,"B82040866F8E4FBB9CC81D91CFE58F38"
"student",7224053,"537D3421319F40088FA12C8DE0CB3619"
"student",7224240,"04AD24C0F1A5405AAE3B1B33475FFE1F"
"student",7224426,"45436028575C4C9084245B3FF8C06A22"
"student",7224612,"51AC62CFE8FD40FA8AB8595528787AB1"
"student",7224799,"1921E1C0A2DD45A5A56D14F9BA1C2489"
"student",7225171,"BB2F690E77BA44579C12F636ED758145"
"student",7225544,"2E358D03697841B7A5B62C49B7CB430F"
"student",7225730,"2CFD70BE93A94614898A6D56171A7B9D"
"student",7225917,"CDBBE86DFEC045638064E8127EC86AE6"
"student",7226103,"03EA87F07360427F9C97594DB327D3A4"
"student",7226289,"3261EE48975A4A53B0D8E0F4E575F233"
"student",7226848,"476BAE0ECA5147E9B4D6A31A76BE4943"
"student",7227221,"5A6F48B914934307BB5FD2317689129B"
"student",7227407,"B11BB941C5C14113816E368BF968863B"
"student",7227594,"85EAB3C8351D484E8433E528C1053CDA"
"student",7227780,"8428F0CFD47042389BC2F58E2CB9CF3F"
"student",7227966,"50421C553689497B88B5365BA776B4D1"
"student",7228153,"60A44E3C4F7E4C0BADE61F450EE1F37D"
"student",7228712,"DEFAFEB5DEFD47EAAECFC463F1982FB1"
"student",7228898,"3DB40890BB3145B087E84506EB1CF846"
"student",7229271,"D86E159F79A84CCDB724864722B40C3B"
"student",7230016,"14D8027C363E452B84F69D8F13F2713A"
"student",7230761,"791FDDB91AA74741861A1E67B91CF5F4"
"student",7230948,"B03BE51937D74FBEBB65B0BE57F60AC4"
"student",7231134,"BBA8559B46344263A789A20343FC99E4"
"student",7231507,"AA08520C470A4A068A2334E112A1EC57"
"student",7231693,"F592A885D3F54D278C53D1CF97C96646"
"student",7231879,"4E8CCBB47C0045FFA8FC0C5E2B1C6090"
"student",7232066,"3DFA431955EB4AA9B95906291E6951FF"
"student",7232252,"05D937C940ED467181A63785D28EA06E"
"student",7232438,"996B679DFDB24D9BB9B83AA790DDB582"
"student",7232625,"C91BEF6ABFC44C53B67C687539195000"
"student",7232997,"10DF5D911EAF431A95303E177E1A2A3F"
"student",7233556,"223AF942A8BE491B9CA8E8E8EA7CE101"
"student",7234488,"6C9150B2E2174D519F392D000D8DCAD7"
"student",7234674,"154C4FD83BD9474880D6F5486C13403A"
"student",7234861,"6FEDB450873D45158F80A23A320F5F48"
"student",7235047,"B25BDDD977854B1787E0ACA59B841858"
"student",7235419,"4529744430FF4430B8D6A8526B61ED60"
"student",7235606,"E17DA391C56C4BA884ED3A848BEC1219"
"student",7235792,"13738080E6F64378978A29E2DEAD1647"
"student",7235978,"472374C842494249B5BD82EF6456A707"
"student",7236165,"959130E072DC4C75824D9BDC997F6CB6"
"student",7237469,"C75C74EF791C492D83F7A465A17BB030"
"student",7237842,"2F4D1948F4FC4668868235EA4F27EFD8"
"student",7238214,"BC06032558994830ADA50EF0CF34EB12"
"student",7239705,"3CE7F200C4B749D2891E715AFB260DC6"
"student",7239891,"F01B76FC0A244F5ABAED95FB5CB8FA42"
"student",7240078,"8EA57A6E05544B6CA0E89CE6B49A3E5E"
"student",7240264,"3F581DEE12F8458E9C4A0E4E9742F97D"
"student",7240450,"5DB28CDD9F9B4D5EB2D7EF6EF2143F6A"
"student",7240637,"6F686DEA005743EFA78B484F364D7438"
"student",7240823,"47B2DE4F542843CA91CEA463CCE8B6B0"
"student",7241009,"79F4901B3BFA40DEA5A3CD7DA23022F6"
"student",7241196,"2C559814E374464D81BE06DAEAF5A6F6"
"student",7241382,"E513E6C7331E4A04B2112AC60AFA7AF5"
"student",7241755,"7AB527FCFCDA40DAAC30FA2FCDD6AE4C"
"student",7241941,"31F03DFB9ED245EF8750F40971F795D6"
"student",7242127,"03ACA3914C264654BCFC18164946FFD5"
"student",7242314,"C6E8A1BA2F854811AE13DEE6B823DEDD"
"student",7242500,"B1F9AF076958454380A2630FE4A46C7B"
"student",7242873,"849BC391D303493FAC7FA660C5310DF8"
"student",7243059,"EC995D1C63D44BBEB735D34D7A046520"
"student",7243245,"8ABD5FE4679342D199AE6F201E57AEE2"
"student",7243432,"0B60E28F7B294B7BA53FB51B8ED4C0CA"
"student",7243618,"331A549E57E34F87AA474846E9B732CA"
"student",7243804,"1590985B3BAE498AB8C4BD01C060BA19"
"student",7243991,"E38061826739418AB01089487DAEA34C"
"student",7244177,"FEE8FDDD2C2B44BB8E51793C6FC3F376"
"student",7244363,"96878592DF3841AFB39A20216E420453"
"student",7244550,"A43C67B087AA4D77A05F28E4721BFAF8"
"student",7245109,"16EEFD1B6F5D41348B6B9187AE228FD9"
"student",7245295,"F3467F5B3F0C4BBA9086F86E6F02A70E"
"student",7245481,"E1E855F8459E496599AF4E5496E41D96"
"student",7245668,"578E6D2E6B0D4083AA08E2140BFA23CD"
"student",7245854,"0DA77DF04B8E46648FA2CE812FAC5C4A"
"student",7246040,"1A75742F23D04B05AEDB137692C65798"
"student",7246413,"D58EDCF2D894400F83AA15AFECF5C814"
"student",7246599,"EF01F3963DFF404A9678FAE770493FF3"
"student",7246786,"9976883379D94F2FA10D95AF37B8173B"
"student",7246972,"05F9C10B013E47DE81C5DE284726ED75"
"student",7247158,"121406892D8C4217802E98F8BFCED080"
"student",7247345,"D01360EB61184C7493757F9D95A00E0A"
"student",7247904,"B6D8AF1CEC0D442CB9DE7D0933F31029"
"student",7248090,"94C4F22217F04CAD9FCBF0D267D63D70"
"student",7248276,"586113CEAF854B9A839DB4C25AB2AF10"
"student",7248463,"2B8DAFE4989844099AB11E5FDED3AE19"
"student",7248649,"2E03CFBD2AE543B3BD7C71A6339B60C5"
"student",7248835,"1D6CE58C21364AA0BD9FDC693D1AE0FA"
"student",7249022,"8401484E730148D6BE0980BFC4AAAC5C"
"student",7249208,"ACCC137521B64BA1B756F17E5DD430EC"
"student",7249394,"0AE4249417424C108D9CF35CACF1B8BB"
"student",7249581,"6985386465B54159BED1466B2C6B4959"
"student",7249767,"F36D002132214C439A8C84A0B541117F"
"student",7249953,"DB1C5F458B4B4CB5A0C88ACF0CF3B8BF"
"student",7250512,"3A70FE25FE544E07BCAA6D0945A11652"
"student",7250699,"44B0B46A79714F8A8B59AD62480D0B07"
"student",7250885,"7539571038A74DC58BC66EEB511ECB17"
"student",7251071,"B3728FED757341F5860D1E93194175D5"
"student",7251258,"571DF76488E74770A9C27EE4FBF0A2AB"
"student",7251444,"91801E5BD5684CEEA5A53504559A4E7F"
"student",7251630,"CDF29FD370D744E4AF86C4428E9A3556"
"student",7251817,"6084C983D3574D8A997C8EFFD7A613BF"
"student",7252189,"2531D916A2B5408BBD6D73EAD6F0F78C"
"student",7252376,"00C9CBEAAA7A468C9D507B5F2322187B"
"student",7252562,"180894FA262D4DE492A0BECE072BC6F4"
"student",7253121,"FBA9497042A44E9FAD5312DDDB60C99F"
"student",7253307,"7A043F0D753E46FA8555772E58118E78"
"student",7253493,"FD8BB6F6108D4E50BA5577094440F556"
"student",7254798,"0990FE2C0EF34077A6FC75AACBD7F7DC"
"student",7254984,"EE10CDAC3C6B4443BCBE436F8E080454"
"student",7255170,"5A624662345B45B98D89B712733921B0"
"student",7255729,"A6A10664C75F494CB6FDA2B40F611E2D"
"student",7255916,"6F13BA9E12864A3D8A75CBB21451229E"
"student",7256102,"3C7A48373538419082F620CE4438A2D7"
"student",7256288,"E42625D522D84C7CACA4E5DCDD1B2577"
"student",7256475,"93C94FD6636540E7B282EFC819D113E7"
"student",7256661,"43381F720EC643DD979251DA178B3976"
"student",7257034,"D2A37415BD8948939AB027C39A8E3C63"
"student",7257220,"8239D5F3C0CD4D8FA884EE6FCE7DAC06"
"student",7257406,"66EB3BDAB90348F8B3E30CA88AC7B33B"
"student",7257593,"F58E28134DD34C0E9E18E7C85CF40950"
"student",7257965,"F9903751407948FF9C1A0A0224D472A4"
"student",7258152,"B2C898B9CC444C53B84D683C301C59E6"
"student",7258338,"7AC89B435D814290839778E08468E2BA"
"student",7258524,"3F0DD246DBD947D5872C1134B29CE098"
"student",7258711,"0B604F46C88640AB99CEB506F09361EC"
"student",7258897,"AD03ED28E24943868092A952B20FD3CA"
"student",7259083,"A2080B773E004A3EBAFC2B0AB6CCF536"
"student",7259270,"60D69D1EB83A42A18ACCDDA9D1459593"
"student",7259456,"48E0BA1FC6694DF28E9EC3090457978F"
"student",7259642,"44B915FB76E54D9FB229A2F8B2968894"
"student",7259829,"8FC72F2F291C4453AFBFBB4B15716A02"
"student",7260015,"9BA06604E46D4C3B8E3414EBD9010E41"
"student",7260201,"C91A93F8128E4E51AA1842C7822F5D38"
"student",7260388,"6B4EC01D91724B5DAAFEB918C97BEBF1"
"student",7260574,"DD2D2B54F88845AAA001409B02BEF91F"
"student",7260760,"AE43D3DC9255492BB48E13D1CBC3173A"
"student",7260947,"19F3B690C4534F97A9BB0F1B869BBA72"
"student",7261133,"5F1A7C88BA8C49DC8FA38AA0F91333F6"
"student",7261319,"7E17A46047BC40308B135ABAB6146DC8"
"student",7261692,"8D68CB3AFB464AB89D531C65849DD669"
"student",7261878,"0A86E8F6B1CF4B01939CF3AC1AC8CE53"
"student",7262065,"032C4ECF9D154E39AB020127A1C441A0"
"student",7262251,"4C53BD24D6A448FE9CADD001E9B68E90"
"student",7262437,"5502AFD1CDE1467C93F21257AEC7D54D"
"student",7262624,"F90AFB5737F6485A8CD79A9E45ED4CB8"
"student",7262810,"DD76CBEAD5AA41608C3A47A6CAB60C88"
"student",7262996,"27E0CF96562548E699586A072F033C04"
"student",7263183,"D04A7FD3EE4940779304C3F391D117B3"
"student",7263369,"1C3E8076294B471595AC585ED000E917"
"student",7263555,"72F2B205CD9B464EA6EA5F5DFAE97351"
"student",7263742,"8A590D1747FA428AAD59C614D07599CB"
"student",7263928,"33995373E1924B6791E5CE4EDBF0643F"
"student",7264114,"0B2F13595FB640D38640741B45A4BD9C"
"student",7264301,"029010F5D3474991A09A0BA98DD66F45"
"student",7264487,"C2A8BCC0B82641AC9CC39CCC98832875"
"student",7264673,"76C7F7F7611B456DAEB43335DEF3E0F0"
"student",7264860,"79A43747348946C9B8B3D5D40E61A7B6"
"student",7265232,"330A314A64B44E398848938064716097"
"student",7265419,"DC867321B6444564A555E73871C5811C"
"student",7265791,"6905AF8C44F54B148007038DBF7205A3"
"student",7265978,"0A6C038BE1A04FC9887AD65AE433ECED"
"student",7266164,"2AF2AACAAC6245019E0C153F38893C1D"
"student",7266350,"4371A8C6EA9740A5A9CC7C5040DF8CFC"
"student",7266537,"5AF44870EF3F42E5A93D385F5A932275"
"student",7266723,"13067C90E0A241EDBC3E45F1E13DF61A"
"student",7266909,"B35ABFF7DD484494A69C3F6C94FD6D75"
"student",7267096,"873183DC8CA54A1E893D204761D46FA1"
"student",7267282,"67E2A5EEF1394647A23479808600BB8D"
"student",7267468,"2371650AED5F46A3A27C382333351A80"
"student",7267655,"B0A77F999EC0428E8D99FBFE91713FF2"
"student",7267841,"991D8BC15AFF496F93BB12D42C71E56B"
"student",7268027,"646ADB19A99C47B1A2DA737E7A0D72E8"
"student",7268214,"C58576EE3B744E91B826E970290C060B"
"student",7268400,"F501BE73D6124A30AB2676DC6DA267FB"
"student",7268773,"94C1A56EADA8482CA89F7D6CCB32728E"
"student",7268959,"49E866CA37DB4C3B99F300E4C616DF53"
"student",7269145,"041FA7F97F7341D084A39933636C2138"
"student",7269332,"86AE2590F82C4485B790EC5678B96BA6"
"student",7269518,"D702A68257C04CF28AA9E97DED9EEDDF"
"student",7269704,"3415328878D14305A8FECE523C694D36"
"student",7269890,"C1D8A98D83F34D04975AE5CDFE0F8E81"
"student",7270077,"8255A87273A54AFFBDBCBFE94D0CF41E"
"student",7270263,"A944A17CCDC144428AA659F6D3442DF1"
"student",7270449,"60D00BA383AF494CA1F3D9192A26A202"
"student",7270636,"5BBB50DE86314397A4007188F2310B7B"
"student",7270822,"EAB79439CB1F42E8AAC449C4D94F5EA0"
"student",7271008,"64DE26C592CE434784D7720CCD2764A1"
"student",7271195,"52CC071D947C4618863B8AA1417EDBD9"
"student",7271381,"10DE59DAA9B24787ADE27CD6681B3D34"
"student",7271567,"BD10718B21784CFF811B01AFE6ED5E98"
"student",7271754,"C3C5DF17E55644A19A62A79C30D9F957"
"student",7271940,"385D25EC9EA74C4691AA10C8F303122D"
"student",7272126,"4D410F0837BC46B3BF8951F08CF38DB7"
"student",7272313,"3625C744AEEA43B8A2B3D3091BFE65D3"
"student",7272499,"A365091D5636455BAAA43CF33762F383"
"student",7272685,"05AB0F5FC0F2497E910C51AAE6463A8D"
"student",7273058,"70FB396442294DF98E68664C2AF15905"
"student",7273244,"5F6130C7FE594A62850A7CBE0DE2D6DB"
"student",7273431,"D6EFF8AD7FB042B99DE50006A3CBBF09"
"student",7273990,"5D00FBEC8734485EAD156F7B2B43D7FE"
"student",7274176,"A7BA022D4C6649AFBAEA7DB1F605C3EC"
"student",7274362,"C8EEC35081DB49C0B0E4F3FB18E6635C"
"student",7274549,"B85A8415058F44ADB07415E8D2B14B45"
"student",7274735,"94843200D2E24DCDB8E8DE87C2F85F78"
"student",7274921,"171ADA4399F545DD9DF1D4036118389E"
"student",7275108,"02D0F94CD635443E852846B0EE3BF2B9"
"student",7275294,"3ECD867C1A3D436FAF4F29EA148F2C84"
"student",7275480,"D996AC1B5A2E4C379E9DA7E19BAD467D"
"student",7275667,"A81FE501B62B46EB8E114CEDBBBA93BD"
"student",7275853,"B51E51887174423DB7A66C737D92CD92"
"student",7276039,"8686E8BB1826477980B324303F767495"
"student",7276226,"E8CC82390D95408DA8C38F00484432CE"
"student",7276412,"87981A3F66B3497D909335C0D37DB107"
"student",7276971,"1507A09D89DA4C4EB546DC9F7855FD0B"
"student",7277157,"E0CAECC7FE144AD2BF1D0DFCA4ED6607"
"student",7277344,"6C2588AE4CCE4A3BAF3DF1C61EE362B4"
"student",7277530,"C6EFECE0B6784A8F85593C3BF8F660E6"
"student",7277716,"3E52150E8A6F478F9BECBA684D326BB6"
"student",7277903,"D150469340C54D23BACEB78A4B7F640D"
"student",7278089,"4952688ECC0A484DBADCACFCBD827BBF"
"student",7278275,"50D18F5EA1264437926F01746994525F"
"student",7278462,"876316B2F6114C12BAF0B397C71EFEF0"
"student",7278648,"F8DF3B8558B046A888B1F907373A3536"
"student",7278834,"F31BC31D48964CC485B6FEAC7969A213"
"student",7279021,"767CBDBF03684868A9AF4E974F3F59E7"
"student",7279207,"D8D85C284FC94876AA15D9FC7CAC936D"
"student",7279393,"04996F38967A48E3A75A37B6D0D7268D"
"student",7279580,"C7121BF1DFC74C28B2CF48ED715D7E85"
"student",7279766,"1F00CFC3C9954F779371023CEC10E469"
"student",7279952,"AC10E2DB26AF494282D6554D6D69F0A9"
"student",7280139,"0A402D4F8A3D4C6280ECEB28E4364ACE"
"student",7280325,"9146F24EC0AB48DB836533E2EB2FB975"
"student",7280511,"531A78EF98D54C8CBA74E684B4FD569A"
"student",7280884,"DFB1188392FF483CB49E9482D72FDBEA"
"student",7281070,"30F657C930B64CF28785BB8F80C7B39D"
"student",7281257,"B7D6E589BA414D69BBE7AAAC4FB365B9"
"student",7281443,"85723C647ADA4BCF87FB02A83FA906F8"
"student",7281629,"961EC35EF78247DCA3EB3E68D4B34377"
"student",7281816,"B7FD00B0FA384BDCA2458FA8371CED85"
"student",7282002,"B04CB6597F184FDA84366B4C22B60839"
"student",7282188,"28D416ED3C4A4AB091F6258419DE90DD"
"student",7282375,"F26C83E6422B4DD8AC767615323B9F2B"
"student",7282934,"18D5CD01FBC6478D80C5B57684E5C7DB"
"student",7283120,"63DC031FC62F4CB1A4DF7C676CF83967"
"student",7283306,"F2ADA088710740AF87B4A0E3AFD7BCEB"
"term",1,"67E09B6763EF4CF291EEC6F0A9A0A814"
"term",2,"B5AFDC60DE1B4844A35872F8972EB2F1"
"term",3,"307AB8DAEF8B4FA780F2E6EFBB5CA701"
"term",4,"E4344194B9C8448E9DE8F221E36B02A1"
"term",5,"C5A1A25077FA4665943288A42720CBD5"
"term",6,"01D0F652A1B94C27A4F1B0E6C60F3BC8"
"term",7,"004FD7DBC6974F1B83D14EF217B9FA6E"
"term",8,"68847021B94042A6A6DA1BA99F48BEB5"
"term",9,"82DC57D19F00488FBFA7F4E0579398CC"
"term",10,"20C9AC64E1DB486FB71E181C0FB50D13"
"term",11,"B02B97F060144D85879ABA81EF68F7C5"
"term",12,"C1994C21A97642FDBAA375BF175B9F72"
"term",13,"8C66476AA2694AB7B9DBC9BB9B931C1C"
"term",14,"E43A9C69F016475D8FF1BDFE84675D2A"
"term",15,"7FD3B733C5E844AC9391C5CF764B2C8F"
"term",16,"7C9716F226E54C74B68F5D366E624CFE"
"term",17,"2D42E1D8A1B64C2C81685CCE0C3FDBD5"
"term",18,"BBDACCA9B53C4D95AC83CE1CF2660081"
"term",19,"FC0F1B5E1E0047FE992B67E5E04549BC"
"term",20,"019FB8DE75A84702A96C231EB2DD493E"
